campaign_id,campaign_name,date,day_number,daily_spend,cum_spend,total_budget,daily_budget_target,expected_cum_spend,pacing_pct,health_band,is_ground_truth_flagged
1,Whiteboard One-To-One Web-Readiness Campaign,2025-12-01,1,146.29,146.29,6125.48,102.09,102.09,143.3,Overpacing,True
1,Whiteboard One-To-One Web-Readiness Campaign,2025-12-02,2,131.59,277.88,6125.48,102.09,204.18,136.1,Overpacing,True
1,Whiteboard One-To-One Web-Readiness Campaign,2025-12-03,3,142.95,420.83,6125.48,102.09,306.27,137.4,Overpacing,True
1,Whiteboard One-To-One Web-Readiness Campaign,2025-12-04,4,152.37,573.2,6125.48,102.09,408.36,140.4,Overpacing,True
1,Whiteboard One-To-One Web-Readiness Campaign,2025-12-05,5,132.25,705.45,6125.48,102.09,510.45,138.2,Overpacing,True
1,Whiteboard One-To-One Web-Readiness Campaign,2025-12-06,6,141.01,846.46,6125.48,102.09,612.54,138.2,Overpacing,True
1,Whiteboard One-To-One Web-Readiness Campaign,2025-12-07,7,143.23,989.6899999999999,6125.48,102.09,714.63,138.5,Overpacing,True
1,Whiteboard One-To-One Web-Readiness Campaign,2025-12-08,8,136.96,1126.65,6125.48,102.09,816.72,137.9,Overpacing,True
1,Whiteboard One-To-One Web-Readiness Campaign,2025-12-09,9,132.71,1259.36,6125.48,102.09,918.81,137.1,Overpacing,True
1,Whiteboard One-To-One Web-Readiness Campaign,2025-12-10,10,128.8,1388.16,6125.48,102.09,1020.9,136.0,Overpacing,True
1,Whiteboard One-To-One Web-Readiness Campaign,2025-12-11,11,129.27,1517.43,6125.48,102.09,1122.99,135.1,Overpacing,True
1,Whiteboard One-To-One Web-Readiness Campaign,2025-12-12,12,148.24,1665.67,6125.48,102.09,1225.08,136.0,Overpacing,True
1,Whiteboard One-To-One Web-Readiness Campaign,2025-12-13,13,145.08,1810.75,6125.48,102.09,1327.17,136.4,Overpacing,True
1,Whiteboard One-To-One Web-Readiness Campaign,2025-12-14,14,140.25,1951.0,6125.48,102.09,1429.26,136.5,Overpacing,True
1,Whiteboard One-To-One Web-Readiness Campaign,2025-12-15,15,134.22,2085.2200000000003,6125.48,102.09,1531.35,136.2,Overpacing,True
1,Whiteboard One-To-One Web-Readiness Campaign,2025-12-16,16,140.89,2226.11,6125.48,102.09,1633.44,136.3,Overpacing,True
1,Whiteboard One-To-One Web-Readiness Campaign,2025-12-17,17,152.36,2378.4700000000003,6125.48,102.09,1735.53,137.0,Overpacing,True
1,Whiteboard One-To-One Web-Readiness Campaign,2025-12-18,18,150.45,2528.92,6125.48,102.09,1837.62,137.6,Overpacing,True
1,Whiteboard One-To-One Web-Readiness Campaign,2025-12-19,19,129.87,2658.79,6125.48,102.09,1939.71,137.1,Overpacing,True
1,Whiteboard One-To-One Web-Readiness Campaign,2025-12-20,20,135.92,2794.71,6125.48,102.09,2041.8,136.9,Overpacing,True
1,Whiteboard One-To-One Web-Readiness Campaign,2025-12-21,21,148.76,2943.47,6125.48,102.09,2143.89,137.3,Overpacing,True
1,Whiteboard One-To-One Web-Readiness Campaign,2025-12-22,22,141.46,3084.93,6125.48,102.09,2245.98,137.4,Overpacing,True
1,Whiteboard One-To-One Web-Readiness Campaign,2025-12-23,23,129.52,3214.45,6125.48,102.09,2348.07,136.9,Overpacing,True
1,Whiteboard One-To-One Web-Readiness Campaign,2025-12-24,24,132.68,3347.13,6125.48,102.09,2450.16,136.6,Overpacing,True
1,Whiteboard One-To-One Web-Readiness Campaign,2025-12-25,25,145.65,3492.78,6125.48,102.09,2552.25,136.9,Overpacing,True
1,Whiteboard One-To-One Web-Readiness Campaign,2025-12-26,26,129.5,3622.28,6125.48,102.09,2654.34,136.5,Overpacing,True
1,Whiteboard One-To-One Web-Readiness Campaign,2025-12-27,27,149.64,3771.92,6125.48,102.09,2756.43,136.8,Overpacing,True
1,Whiteboard One-To-One Web-Readiness Campaign,2025-12-28,28,129.23,3901.15,6125.48,102.09,2858.52,136.5,Overpacing,True
1,Whiteboard One-To-One Web-Readiness Campaign,2025-12-29,29,146.23,4047.38,6125.48,102.09,2960.61,136.7,Overpacing,True
1,Whiteboard One-To-One Web-Readiness Campaign,2025-12-30,30,139.66,4187.04,6125.48,102.09,3062.7,136.7,Overpacing,True
1,Whiteboard One-To-One Web-Readiness Campaign,2025-12-31,31,147.03,4334.07,6125.48,102.09,3164.79,136.9,Overpacing,True
1,Whiteboard One-To-One Web-Readiness Campaign,2026-01-01,32,140.22,4474.29,6125.48,102.09,3266.88,137.0,Overpacing,True
1,Whiteboard One-To-One Web-Readiness Campaign,2026-01-02,33,128.26,4602.55,6125.48,102.09,3368.97,136.6,Overpacing,True
1,Whiteboard One-To-One Web-Readiness Campaign,2026-01-03,34,143.86,4746.41,6125.48,102.09,3471.06,136.7,Overpacing,True
1,Whiteboard One-To-One Web-Readiness Campaign,2026-01-04,35,150.78,4897.19,6125.48,102.09,3573.15,137.1,Overpacing,True
1,Whiteboard One-To-One Web-Readiness Campaign,2026-01-05,36,146.9,5044.09,6125.48,102.09,3675.24,137.2,Overpacing,True
1,Whiteboard One-To-One Web-Readiness Campaign,2026-01-06,37,135.01,5179.1,6125.48,102.09,3777.33,137.1,Overpacing,True
1,Whiteboard One-To-One Web-Readiness Campaign,2026-01-07,38,148.24,5327.34,6125.48,102.09,3879.42,137.3,Overpacing,True
1,Whiteboard One-To-One Web-Readiness Campaign,2026-01-08,39,148.12,5475.46,6125.48,102.09,3981.51,137.5,Overpacing,True
1,Whiteboard One-To-One Web-Readiness Campaign,2026-01-09,40,141.38,5616.84,6125.48,102.09,4083.6,137.5,Overpacing,True
1,Whiteboard One-To-One Web-Readiness Campaign,2026-01-10,41,135.73,5752.57,6125.48,102.09,4185.69,137.4,Overpacing,True
1,Whiteboard One-To-One Web-Readiness Campaign,2026-01-11,42,138.51,5891.08,6125.48,102.09,4287.78,137.4,Overpacing,True
1,Whiteboard One-To-One Web-Readiness Campaign,2026-01-12,43,127.79,6018.87,6125.48,102.09,4389.87,137.1,Overpacing,True
1,Whiteboard One-To-One Web-Readiness Campaign,2026-01-13,44,133.28,6152.15,6125.48,102.09,4491.96,137.0,Overpacing,True
1,Whiteboard One-To-One Web-Readiness Campaign,2026-01-14,45,151.68,6303.83,6125.48,102.09,4594.05,137.2,Overpacing,True
1,Whiteboard One-To-One Web-Readiness Campaign,2026-01-15,46,145.56,6449.39,6125.48,102.09,4696.14,137.3,Overpacing,True
1,Whiteboard One-To-One Web-Readiness Campaign,2026-01-16,47,152.18,6601.57,6125.48,102.09,4798.23,137.6,Overpacing,True
1,Whiteboard One-To-One Web-Readiness Campaign,2026-01-17,48,135.29,6736.86,6125.48,102.09,4900.32,137.5,Overpacing,True
1,Whiteboard One-To-One Web-Readiness Campaign,2026-01-18,49,143.17,6880.03,6125.48,102.09,5002.41,137.5,Overpacing,True
1,Whiteboard One-To-One Web-Readiness Campaign,2026-01-19,50,134.72,7014.75,6125.48,102.09,5104.5,137.4,Overpacing,True
1,Whiteboard One-To-One Web-Readiness Campaign,2026-01-20,51,131.31,7146.06,6125.48,102.09,5206.59,137.3,Overpacing,True
1,Whiteboard One-To-One Web-Readiness Campaign,2026-01-21,52,133.79,7279.85,6125.48,102.09,5308.68,137.1,Overpacing,True
1,Whiteboard One-To-One Web-Readiness Campaign,2026-01-22,53,133.68,7413.53,6125.48,102.09,5410.77,137.0,Overpacing,True
1,Whiteboard One-To-One Web-Readiness Campaign,2026-01-23,54,143.75,7557.28,6125.48,102.09,5512.86,137.1,Overpacing,True
1,Whiteboard One-To-One Web-Readiness Campaign,2026-01-24,55,129.92,7687.2,6125.48,102.09,5614.95,136.9,Overpacing,True
1,Whiteboard One-To-One Web-Readiness Campaign,2026-01-25,56,132.37,7819.57,6125.48,102.09,5717.04,136.8,Overpacing,True
1,Whiteboard One-To-One Web-Readiness Campaign,2026-01-26,57,144.91,7964.48,6125.48,102.09,5819.13,136.9,Overpacing,True
1,Whiteboard One-To-One Web-Readiness Campaign,2026-01-27,58,133.39,8097.87,6125.48,102.09,5921.22,136.8,Overpacing,True
1,Whiteboard One-To-One Web-Readiness Campaign,2026-01-28,59,145.25,8243.12,6125.48,102.09,6023.31,136.9,Overpacing,True
1,Whiteboard One-To-One Web-Readiness Campaign,2026-01-29,60,131.12,8374.24,6125.48,102.09,6125.4,136.7,Overpacing,True
2,Innovate E-Business Applications Campaign,2025-12-01,1,247.11,247.11,11279.21,187.99,187.99,131.4,Overpacing,True
2,Innovate E-Business Applications Campaign,2025-12-02,2,261.08,508.19,11279.21,187.99,375.98,135.2,Overpacing,True
2,Innovate E-Business Applications Campaign,2025-12-03,3,239.36,747.55,11279.21,187.99,563.97,132.6,Overpacing,True
2,Innovate E-Business Applications Campaign,2025-12-04,4,264.74,1012.29,11279.21,187.99,751.96,134.6,Overpacing,True
2,Innovate E-Business Applications Campaign,2025-12-05,5,269.11,1281.4,11279.21,187.99,939.95,136.3,Overpacing,True
2,Innovate E-Business Applications Campaign,2025-12-06,6,271.64,1553.04,11279.21,187.99,1127.94,137.7,Overpacing,True
2,Innovate E-Business Applications Campaign,2025-12-07,7,242.58,1795.6200000000001,11279.21,187.99,1315.93,136.5,Overpacing,True
2,Innovate E-Business Applications Campaign,2025-12-08,8,235.42,2031.04,11279.21,187.99,1503.92,135.0,Overpacing,True
2,Innovate E-Business Applications Campaign,2025-12-09,9,235.23,2266.27,11279.21,187.99,1691.91,133.9,Overpacing,True
2,Innovate E-Business Applications Campaign,2025-12-10,10,267.5,2533.77,11279.21,187.99,1879.9,134.8,Overpacing,True
2,Innovate E-Business Applications Campaign,2025-12-11,11,268.46,2802.23,11279.21,187.99,2067.89,135.5,Overpacing,True
2,Innovate E-Business Applications Campaign,2025-12-12,12,270.07,3072.3,11279.21,187.99,2255.88,136.2,Overpacing,True
2,Innovate E-Business Applications Campaign,2025-12-13,13,265.89,3338.19,11279.21,187.99,2443.87,136.6,Overpacing,True
2,Innovate E-Business Applications Campaign,2025-12-14,14,252.27,3590.46,11279.21,187.99,2631.86,136.4,Overpacing,True
2,Innovate E-Business Applications Campaign,2025-12-15,15,280.72,3871.18,11279.21,187.99,2819.85,137.3,Overpacing,True
2,Innovate E-Business Applications Campaign,2025-12-16,16,264.65,4135.83,11279.21,187.99,3007.84,137.5,Overpacing,True
2,Innovate E-Business Applications Campaign,2025-12-17,17,262.1,4397.93,11279.21,187.99,3195.83,137.6,Overpacing,True
2,Innovate E-Business Applications Campaign,2025-12-18,18,268.94,4666.87,11279.21,187.99,3383.82,137.9,Overpacing,True
2,Innovate E-Business Applications Campaign,2025-12-19,19,265.32,4932.19,11279.21,187.99,3571.81,138.1,Overpacing,True
2,Innovate E-Business Applications Campaign,2025-12-20,20,279.82,5212.01,11279.21,187.99,3759.8,138.6,Overpacing,True
2,Innovate E-Business Applications Campaign,2025-12-21,21,235.71,5447.72,11279.21,187.99,3947.79,138.0,Overpacing,True
2,Innovate E-Business Applications Campaign,2025-12-22,22,280.42,5728.14,11279.21,187.99,4135.78,138.5,Overpacing,True
2,Innovate E-Business Applications Campaign,2025-12-23,23,248.83,5976.97,11279.21,187.99,4323.77,138.2,Overpacing,True
2,Innovate E-Business Applications Campaign,2025-12-24,24,249.88,6226.85,11279.21,187.99,4511.76,138.0,Overpacing,True
2,Innovate E-Business Applications Campaign,2025-12-25,25,278.98,6505.83,11279.21,187.99,4699.75,138.4,Overpacing,True
2,Innovate E-Business Applications Campaign,2025-12-26,26,239.55,6745.38,11279.21,187.99,4887.74,138.0,Overpacing,True
2,Innovate E-Business Applications Campaign,2025-12-27,27,241.57,6986.95,11279.21,187.99,5075.73,137.7,Overpacing,True
2,Innovate E-Business Applications Campaign,2025-12-28,28,269.8,7256.75,11279.21,187.99,5263.72,137.9,Overpacing,True
2,Innovate E-Business Applications Campaign,2025-12-29,29,251.88,7508.63,11279.21,187.99,5451.71,137.7,Overpacing,True
2,Innovate E-Business Applications Campaign,2025-12-30,30,273.06,7781.6900000000005,11279.21,187.99,5639.7,138.0,Overpacing,True
2,Innovate E-Business Applications Campaign,2025-12-31,31,259.02,8040.71,11279.21,187.99,5827.69,138.0,Overpacing,True
2,Innovate E-Business Applications Campaign,2026-01-01,32,265.53,8306.24,11279.21,187.99,6015.68,138.1,Overpacing,True
2,Innovate E-Business Applications Campaign,2026-01-02,33,276.82,8583.06,11279.21,187.99,6203.67,138.4,Overpacing,True
2,Innovate E-Business Applications Campaign,2026-01-03,34,239.4,8822.46,11279.21,187.99,6391.66,138.0,Overpacing,True
2,Innovate E-Business Applications Campaign,2026-01-04,35,256.87,9079.33,11279.21,187.99,6579.65,138.0,Overpacing,True
2,Innovate E-Business Applications Campaign,2026-01-05,36,262.76,9342.09,11279.21,187.99,6767.64,138.0,Overpacing,True
2,Innovate E-Business Applications Campaign,2026-01-06,37,273.65,9615.74,11279.21,187.99,6955.63,138.2,Overpacing,True
2,Innovate E-Business Applications Campaign,2026-01-07,38,259.53,9875.27,11279.21,187.99,7143.62,138.2,Overpacing,True
2,Innovate E-Business Applications Campaign,2026-01-08,39,264.26,10139.53,11279.21,187.99,7331.61,138.3,Overpacing,True
2,Innovate E-Business Applications Campaign,2026-01-09,40,259.96,10399.49,11279.21,187.99,7519.6,138.3,Overpacing,True
2,Innovate E-Business Applications Campaign,2026-01-10,41,269.11,10668.6,11279.21,187.99,7707.59,138.4,Overpacing,True
2,Innovate E-Business Applications Campaign,2026-01-11,42,250.17,10918.77,11279.21,187.99,7895.58,138.3,Overpacing,True
2,Innovate E-Business Applications Campaign,2026-01-12,43,255.62,11174.39,11279.21,187.99,8083.57,138.2,Overpacing,True
2,Innovate E-Business Applications Campaign,2026-01-13,44,280.23,11454.62,11279.21,187.99,8271.56,138.5,Overpacing,True
2,Innovate E-Business Applications Campaign,2026-01-14,45,254.21,11708.83,11279.21,187.99,8459.55,138.4,Overpacing,True
2,Innovate E-Business Applications Campaign,2026-01-15,46,246.75,11955.58,11279.21,187.99,8647.54,138.3,Overpacing,True
2,Innovate E-Business Applications Campaign,2026-01-16,47,266.02,12221.6,11279.21,187.99,8835.53,138.3,Overpacing,True
2,Innovate E-Business Applications Campaign,2026-01-17,48,269.67,12491.27,11279.21,187.99,9023.52,138.4,Overpacing,True
2,Innovate E-Business Applications Campaign,2026-01-18,49,254.71,12745.98,11279.21,187.99,9211.51,138.4,Overpacing,True
2,Innovate E-Business Applications Campaign,2026-01-19,50,270.6,13016.58,11279.21,187.99,9399.5,138.5,Overpacing,True
2,Innovate E-Business Applications Campaign,2026-01-20,51,237.15,13253.73,11279.21,187.99,9587.49,138.2,Overpacing,True
2,Innovate E-Business Applications Campaign,2026-01-21,52,268.06,13521.79,11279.21,187.99,9775.48,138.3,Overpacing,True
2,Innovate E-Business Applications Campaign,2026-01-22,53,258.09,13779.88,11279.21,187.99,9963.47,138.3,Overpacing,True
2,Innovate E-Business Applications Campaign,2026-01-23,54,255.38,14035.26,11279.21,187.99,10151.46,138.3,Overpacing,True
2,Innovate E-Business Applications Campaign,2026-01-24,55,264.84,14300.1,11279.21,187.99,10339.45,138.3,Overpacing,True
2,Innovate E-Business Applications Campaign,2026-01-25,56,264.4,14564.5,11279.21,187.99,10527.44,138.3,Overpacing,True
2,Innovate E-Business Applications Campaign,2026-01-26,57,265.94,14830.44,11279.21,187.99,10715.43,138.4,Overpacing,True
2,Innovate E-Business Applications Campaign,2026-01-27,58,265.18,15095.62,11279.21,187.99,10903.42,138.4,Overpacing,True
2,Innovate E-Business Applications Campaign,2026-01-28,59,279.18,15374.8,11279.21,187.99,11091.41,138.6,Overpacing,True
2,Innovate E-Business Applications Campaign,2026-01-29,60,265.22,15640.02,11279.21,187.99,11279.4,138.7,Overpacing,True
3,Enhance Proactive Schemas Campaign,2025-12-01,1,557.05,557.05,45148.08,752.47,752.47,74.0,Underpacing,True
3,Enhance Proactive Schemas Campaign,2025-12-02,2,389.28,946.3299999999999,45148.08,752.47,1504.94,62.9,Underpacing,True
3,Enhance Proactive Schemas Campaign,2025-12-03,3,394.0,1340.33,45148.08,752.47,2257.41,59.4,Underpacing,True
3,Enhance Proactive Schemas Campaign,2025-12-04,4,436.24,1776.57,45148.08,752.47,3009.88,59.0,Underpacing,True
3,Enhance Proactive Schemas Campaign,2025-12-05,5,529.45,2306.02,45148.08,752.47,3762.35,61.3,Underpacing,True
3,Enhance Proactive Schemas Campaign,2025-12-06,6,507.3,2813.32,45148.08,752.47,4514.82,62.3,Underpacing,True
3,Enhance Proactive Schemas Campaign,2025-12-07,7,514.51,3327.83,45148.08,752.47,5267.29,63.2,Underpacing,True
3,Enhance Proactive Schemas Campaign,2025-12-08,8,409.61,3737.44,45148.08,752.47,6019.76,62.1,Underpacing,True
3,Enhance Proactive Schemas Campaign,2025-12-09,9,562.57,4300.01,45148.08,752.47,6772.23,63.5,Underpacing,True
3,Enhance Proactive Schemas Campaign,2025-12-10,10,522.29,4822.3,45148.08,752.47,7524.7,64.1,Underpacing,True
3,Enhance Proactive Schemas Campaign,2025-12-11,11,537.72,5360.02,45148.08,752.47,8277.17,64.8,Underpacing,True
3,Enhance Proactive Schemas Campaign,2025-12-12,12,518.18,5878.2,45148.08,752.47,9029.64,65.1,Underpacing,True
3,Enhance Proactive Schemas Campaign,2025-12-13,13,471.28,6349.48,45148.08,752.47,9782.11,64.9,Underpacing,True
3,Enhance Proactive Schemas Campaign,2025-12-14,14,544.7,6894.18,45148.08,752.47,10534.58,65.4,Underpacing,True
3,Enhance Proactive Schemas Campaign,2025-12-15,15,546.55,7440.73,45148.08,752.47,11287.05,65.9,Underpacing,True
3,Enhance Proactive Schemas Campaign,2025-12-16,16,554.96,7995.69,45148.08,752.47,12039.52,66.4,Underpacing,True
3,Enhance Proactive Schemas Campaign,2025-12-17,17,495.09,8490.78,45148.08,752.47,12791.99,66.4,Underpacing,True
3,Enhance Proactive Schemas Campaign,2025-12-18,18,438.06,8928.84,45148.08,752.47,13544.46,65.9,Underpacing,True
3,Enhance Proactive Schemas Campaign,2025-12-19,19,525.14,9453.98,45148.08,752.47,14296.93,66.1,Underpacing,True
3,Enhance Proactive Schemas Campaign,2025-12-20,20,469.24,9923.22,45148.08,752.47,15049.4,65.9,Underpacing,True
3,Enhance Proactive Schemas Campaign,2025-12-21,21,459.29,10382.51,45148.08,752.47,15801.87,65.7,Underpacing,True
3,Enhance Proactive Schemas Campaign,2025-12-22,22,398.26,10780.77,45148.08,752.47,16554.34,65.1,Underpacing,True
3,Enhance Proactive Schemas Campaign,2025-12-23,23,492.53,11273.3,45148.08,752.47,17306.81,65.1,Underpacing,True
3,Enhance Proactive Schemas Campaign,2025-12-24,24,508.1,11781.4,45148.08,752.47,18059.28,65.2,Underpacing,True
3,Enhance Proactive Schemas Campaign,2025-12-25,25,509.09,12290.49,45148.08,752.47,18811.75,65.3,Underpacing,True
3,Enhance Proactive Schemas Campaign,2025-12-26,26,561.84,12852.33,45148.08,752.47,19564.22,65.7,Underpacing,True
3,Enhance Proactive Schemas Campaign,2025-12-27,27,529.14,13381.47,45148.08,752.47,20316.69,65.9,Underpacing,True
3,Enhance Proactive Schemas Campaign,2025-12-28,28,517.96,13899.43,45148.08,752.47,21069.16,66.0,Underpacing,True
3,Enhance Proactive Schemas Campaign,2025-12-29,29,522.43,14421.86,45148.08,752.47,21821.63,66.1,Underpacing,True
3,Enhance Proactive Schemas Campaign,2025-12-30,30,546.74,14968.6,45148.08,752.47,22574.1,66.3,Underpacing,True
3,Enhance Proactive Schemas Campaign,2025-12-31,31,378.37,15346.97,45148.08,752.47,23326.57,65.8,Underpacing,True
3,Enhance Proactive Schemas Campaign,2026-01-01,32,398.59,15745.56,45148.08,752.47,24079.04,65.4,Underpacing,True
3,Enhance Proactive Schemas Campaign,2026-01-02,33,516.58,16262.14,45148.08,752.47,24831.51,65.5,Underpacing,True
3,Enhance Proactive Schemas Campaign,2026-01-03,34,446.75,16708.89,45148.08,752.47,25583.98,65.3,Underpacing,True
3,Enhance Proactive Schemas Campaign,2026-01-04,35,418.3,17127.19,45148.08,752.47,26336.45,65.0,Underpacing,True
3,Enhance Proactive Schemas Campaign,2026-01-05,36,558.69,17685.88,45148.08,752.47,27088.92,65.3,Underpacing,True
3,Enhance Proactive Schemas Campaign,2026-01-06,37,475.5,18161.38,45148.08,752.47,27841.39,65.2,Underpacing,True
3,Enhance Proactive Schemas Campaign,2026-01-07,38,480.42,18641.8,45148.08,752.47,28593.86,65.2,Underpacing,True
3,Enhance Proactive Schemas Campaign,2026-01-08,39,494.64,19136.44,45148.08,752.47,29346.33,65.2,Underpacing,True
3,Enhance Proactive Schemas Campaign,2026-01-09,40,494.29,19630.73,45148.08,752.47,30098.8,65.2,Underpacing,True
3,Enhance Proactive Schemas Campaign,2026-01-10,41,384.78,20015.51,45148.08,752.47,30851.27,64.9,Underpacing,True
3,Enhance Proactive Schemas Campaign,2026-01-11,42,543.71,20559.22,45148.08,752.47,31603.74,65.1,Underpacing,True
3,Enhance Proactive Schemas Campaign,2026-01-12,43,428.42,20987.64,45148.08,752.47,32356.21,64.9,Underpacing,True
3,Enhance Proactive Schemas Campaign,2026-01-13,44,442.71,21430.35,45148.08,752.47,33108.68,64.7,Underpacing,True
3,Enhance Proactive Schemas Campaign,2026-01-14,45,559.54,21989.89,45148.08,752.47,33861.15,64.9,Underpacing,True
3,Enhance Proactive Schemas Campaign,2026-01-15,46,477.08,22466.97,45148.08,752.47,34613.62,64.9,Underpacing,True
3,Enhance Proactive Schemas Campaign,2026-01-16,47,505.04,22972.01,45148.08,752.47,35366.09,65.0,Underpacing,True
3,Enhance Proactive Schemas Campaign,2026-01-17,48,530.97,23502.98,45148.08,752.47,36118.56,65.1,Underpacing,True
3,Enhance Proactive Schemas Campaign,2026-01-18,49,491.63,23994.61,45148.08,752.47,36871.03,65.1,Underpacing,True
3,Enhance Proactive Schemas Campaign,2026-01-19,50,539.16,24533.77,45148.08,752.47,37623.5,65.2,Underpacing,True
3,Enhance Proactive Schemas Campaign,2026-01-20,51,447.05,24980.82,45148.08,752.47,38375.97,65.1,Underpacing,True
3,Enhance Proactive Schemas Campaign,2026-01-21,52,404.53,25385.35,45148.08,752.47,39128.44,64.9,Underpacing,True
3,Enhance Proactive Schemas Campaign,2026-01-22,53,558.69,25944.04,45148.08,752.47,39880.91,65.1,Underpacing,True
3,Enhance Proactive Schemas Campaign,2026-01-23,54,464.4,26408.44,45148.08,752.47,40633.38,65.0,Underpacing,True
3,Enhance Proactive Schemas Campaign,2026-01-24,55,386.84,26795.28,45148.08,752.47,41385.85,64.7,Underpacing,True
3,Enhance Proactive Schemas Campaign,2026-01-25,56,564.3,27359.58,45148.08,752.47,42138.32,64.9,Underpacing,True
3,Enhance Proactive Schemas Campaign,2026-01-26,57,520.89,27880.47,45148.08,752.47,42890.79,65.0,Underpacing,True
3,Enhance Proactive Schemas Campaign,2026-01-27,58,422.77,28303.24,45148.08,752.47,43643.26,64.9,Underpacing,True
3,Enhance Proactive Schemas Campaign,2026-01-28,59,555.71,28858.95,45148.08,752.47,44395.73,65.0,Underpacing,True
3,Enhance Proactive Schemas Campaign,2026-01-29,60,502.59,29361.54,45148.08,752.47,45148.2,65.0,Underpacing,True
4,Incubate Next-Generation E-Services Campaign,2025-12-01,1,67.53,67.53,6430.22,107.17,107.17,63.0,Underpacing,True
4,Incubate Next-Generation E-Services Campaign,2025-12-02,2,76.42,143.95,6430.22,107.17,214.34,67.2,Underpacing,True
4,Incubate Next-Generation E-Services Campaign,2025-12-03,3,77.07,221.01999999999998,6430.22,107.17,321.51,68.7,Underpacing,True
4,Incubate Next-Generation E-Services Campaign,2025-12-04,4,54.36,275.38,6430.22,107.17,428.68,64.2,Underpacing,True
4,Incubate Next-Generation E-Services Campaign,2025-12-05,5,72.45,347.83,6430.22,107.17,535.85,64.9,Underpacing,True
4,Incubate Next-Generation E-Services Campaign,2025-12-06,6,53.97,401.8,6430.22,107.17,643.02,62.5,Underpacing,True
4,Incubate Next-Generation E-Services Campaign,2025-12-07,7,64.09,465.89,6430.22,107.17,750.19,62.1,Underpacing,True
4,Incubate Next-Generation E-Services Campaign,2025-12-08,8,62.92,528.81,6430.22,107.17,857.36,61.7,Underpacing,True
4,Incubate Next-Generation E-Services Campaign,2025-12-09,9,64.21,593.02,6430.22,107.17,964.53,61.5,Underpacing,True
4,Incubate Next-Generation E-Services Campaign,2025-12-10,10,79.03,672.05,6430.22,107.17,1071.7,62.7,Underpacing,True
4,Incubate Next-Generation E-Services Campaign,2025-12-11,11,66.77,738.8199999999999,6430.22,107.17,1178.87,62.7,Underpacing,True
4,Incubate Next-Generation E-Services Campaign,2025-12-12,12,79.84,818.66,6430.22,107.17,1286.04,63.7,Underpacing,True
4,Incubate Next-Generation E-Services Campaign,2025-12-13,13,70.56,889.22,6430.22,107.17,1393.21,63.8,Underpacing,True
4,Incubate Next-Generation E-Services Campaign,2025-12-14,14,57.04,946.26,6430.22,107.17,1500.38,63.1,Underpacing,True
4,Incubate Next-Generation E-Services Campaign,2025-12-15,15,57.3,1003.56,6430.22,107.17,1607.55,62.4,Underpacing,True
4,Incubate Next-Generation E-Services Campaign,2025-12-16,16,62.85,1066.41,6430.22,107.17,1714.72,62.2,Underpacing,True
4,Incubate Next-Generation E-Services Campaign,2025-12-17,17,71.47,1137.88,6430.22,107.17,1821.89,62.5,Underpacing,True
4,Incubate Next-Generation E-Services Campaign,2025-12-18,18,54.68,1192.56,6430.22,107.17,1929.06,61.8,Underpacing,True
4,Incubate Next-Generation E-Services Campaign,2025-12-19,19,58.33,1250.89,6430.22,107.17,2036.23,61.4,Underpacing,True
4,Incubate Next-Generation E-Services Campaign,2025-12-20,20,65.93,1316.82,6430.22,107.17,2143.4,61.4,Underpacing,True
4,Incubate Next-Generation E-Services Campaign,2025-12-21,21,67.07,1383.89,6430.22,107.17,2250.57,61.5,Underpacing,True
4,Incubate Next-Generation E-Services Campaign,2025-12-22,22,75.0,1458.89,6430.22,107.17,2357.74,61.9,Underpacing,True
4,Incubate Next-Generation E-Services Campaign,2025-12-23,23,76.99,1535.8799999999999,6430.22,107.17,2464.91,62.3,Underpacing,True
4,Incubate Next-Generation E-Services Campaign,2025-12-24,24,61.0,1596.8799999999999,6430.22,107.17,2572.08,62.1,Underpacing,True
4,Incubate Next-Generation E-Services Campaign,2025-12-25,25,58.53,1655.41,6430.22,107.17,2679.25,61.8,Underpacing,True
4,Incubate Next-Generation E-Services Campaign,2025-12-26,26,66.57,1721.98,6430.22,107.17,2786.42,61.8,Underpacing,True
4,Incubate Next-Generation E-Services Campaign,2025-12-27,27,65.98,1787.96,6430.22,107.17,2893.59,61.8,Underpacing,True
4,Incubate Next-Generation E-Services Campaign,2025-12-28,28,60.35,1848.31,6430.22,107.17,3000.76,61.6,Underpacing,True
4,Incubate Next-Generation E-Services Campaign,2025-12-29,29,67.29,1915.6,6430.22,107.17,3107.93,61.6,Underpacing,True
4,Incubate Next-Generation E-Services Campaign,2025-12-30,30,65.57,1981.17,6430.22,107.17,3215.1,61.6,Underpacing,True
4,Incubate Next-Generation E-Services Campaign,2025-12-31,31,60.8,2041.97,6430.22,107.17,3322.27,61.5,Underpacing,True
4,Incubate Next-Generation E-Services Campaign,2026-01-01,32,62.21,2104.18,6430.22,107.17,3429.44,61.4,Underpacing,True
4,Incubate Next-Generation E-Services Campaign,2026-01-02,33,56.79,2160.97,6430.22,107.17,3536.61,61.1,Underpacing,True
4,Incubate Next-Generation E-Services Campaign,2026-01-03,34,71.78,2232.75,6430.22,107.17,3643.78,61.3,Underpacing,True
4,Incubate Next-Generation E-Services Campaign,2026-01-04,35,55.91,2288.66,6430.22,107.17,3750.95,61.0,Underpacing,True
4,Incubate Next-Generation E-Services Campaign,2026-01-05,36,73.56,2362.22,6430.22,107.17,3858.12,61.2,Underpacing,True
4,Incubate Next-Generation E-Services Campaign,2026-01-06,37,61.19,2423.41,6430.22,107.17,3965.29,61.1,Underpacing,True
4,Incubate Next-Generation E-Services Campaign,2026-01-07,38,68.88,2492.29,6430.22,107.17,4072.46,61.2,Underpacing,True
4,Incubate Next-Generation E-Services Campaign,2026-01-08,39,69.82,2562.11,6430.22,107.17,4179.63,61.3,Underpacing,True
4,Incubate Next-Generation E-Services Campaign,2026-01-09,40,57.68,2619.79,6430.22,107.17,4286.8,61.1,Underpacing,True
4,Incubate Next-Generation E-Services Campaign,2026-01-10,41,58.58,2678.37,6430.22,107.17,4393.97,61.0,Underpacing,True
4,Incubate Next-Generation E-Services Campaign,2026-01-11,42,77.61,2755.98,6430.22,107.17,4501.14,61.2,Underpacing,True
4,Incubate Next-Generation E-Services Campaign,2026-01-12,43,64.58,2820.56,6430.22,107.17,4608.31,61.2,Underpacing,True
4,Incubate Next-Generation E-Services Campaign,2026-01-13,44,64.24,2884.8,6430.22,107.17,4715.48,61.2,Underpacing,True
4,Incubate Next-Generation E-Services Campaign,2026-01-14,45,75.48,2960.2799999999997,6430.22,107.17,4822.65,61.4,Underpacing,True
4,Incubate Next-Generation E-Services Campaign,2026-01-15,46,71.5,3031.7799999999997,6430.22,107.17,4929.82,61.5,Underpacing,True
4,Incubate Next-Generation E-Services Campaign,2026-01-16,47,68.9,3100.68,6430.22,107.17,5036.99,61.6,Underpacing,True
4,Incubate Next-Generation E-Services Campaign,2026-01-17,48,58.6,3159.2799999999997,6430.22,107.17,5144.16,61.4,Underpacing,True
4,Incubate Next-Generation E-Services Campaign,2026-01-18,49,67.19,3226.47,6430.22,107.17,5251.33,61.4,Underpacing,True
4,Incubate Next-Generation E-Services Campaign,2026-01-19,50,69.95,3296.42,6430.22,107.17,5358.5,61.5,Underpacing,True
4,Incubate Next-Generation E-Services Campaign,2026-01-20,51,57.72,3354.14,6430.22,107.17,5465.67,61.4,Underpacing,True
4,Incubate Next-Generation E-Services Campaign,2026-01-21,52,54.97,3409.11,6430.22,107.17,5572.84,61.2,Underpacing,True
4,Incubate Next-Generation E-Services Campaign,2026-01-22,53,55.28,3464.39,6430.22,107.17,5680.01,61.0,Underpacing,True
4,Incubate Next-Generation E-Services Campaign,2026-01-23,54,75.28,3539.67,6430.22,107.17,5787.18,61.2,Underpacing,True
4,Incubate Next-Generation E-Services Campaign,2026-01-24,55,73.95,3613.62,6430.22,107.17,5894.35,61.3,Underpacing,True
4,Incubate Next-Generation E-Services Campaign,2026-01-25,56,64.62,3678.24,6430.22,107.17,6001.52,61.3,Underpacing,True
4,Incubate Next-Generation E-Services Campaign,2026-01-26,57,75.84,3754.08,6430.22,107.17,6108.69,61.5,Underpacing,True
4,Incubate Next-Generation E-Services Campaign,2026-01-27,58,73.17,3827.25,6430.22,107.17,6215.86,61.6,Underpacing,True
4,Incubate Next-Generation E-Services Campaign,2026-01-28,59,55.37,3882.62,6430.22,107.17,6323.03,61.4,Underpacing,True
4,Incubate Next-Generation E-Services Campaign,2026-01-29,60,76.14,3958.7599999999998,6430.22,107.17,6430.2,61.6,Underpacing,True
5,Implement Granular E-Commerce Campaign,2025-12-01,1,431.3,431.3,27740.99,462.35,462.35,93.3,Healthy,False
5,Implement Granular E-Commerce Campaign,2025-12-02,2,464.48,895.78,27740.99,462.35,924.7,96.9,Healthy,False
5,Implement Granular E-Commerce Campaign,2025-12-03,3,452.4,1348.18,27740.99,462.35,1387.05,97.2,Healthy,False
5,Implement Granular E-Commerce Campaign,2025-12-04,4,450.97,1799.15,27740.99,462.35,1849.4,97.3,Healthy,False
5,Implement Granular E-Commerce Campaign,2025-12-05,5,485.25,2284.4,27740.99,462.35,2311.75,98.8,Healthy,False
5,Implement Granular E-Commerce Campaign,2025-12-06,6,499.3,2783.7,27740.99,462.35,2774.1,100.3,Healthy,False
5,Implement Granular E-Commerce Campaign,2025-12-07,7,499.94,3283.64,27740.99,462.35,3236.45,101.5,Healthy,False
5,Implement Granular E-Commerce Campaign,2025-12-08,8,503.02,3786.66,27740.99,462.35,3698.8,102.4,Healthy,False
5,Implement Granular E-Commerce Campaign,2025-12-09,9,428.99,4215.65,27740.99,462.35,4161.15,101.3,Healthy,False
5,Implement Granular E-Commerce Campaign,2025-12-10,10,465.44,4681.09,27740.99,462.35,4623.5,101.2,Healthy,False
5,Implement Granular E-Commerce Campaign,2025-12-11,11,430.14,5111.23,27740.99,462.35,5085.85,100.5,Healthy,False
5,Implement Granular E-Commerce Campaign,2025-12-12,12,484.91,5596.14,27740.99,462.35,5548.2,100.9,Healthy,False
5,Implement Granular E-Commerce Campaign,2025-12-13,13,486.62,6082.76,27740.99,462.35,6010.55,101.2,Healthy,False
5,Implement Granular E-Commerce Campaign,2025-12-14,14,492.06,6574.82,27740.99,462.35,6472.9,101.6,Healthy,False
5,Implement Granular E-Commerce Campaign,2025-12-15,15,427.9,7002.72,27740.99,462.35,6935.25,101.0,Healthy,False
5,Implement Granular E-Commerce Campaign,2025-12-16,16,429.98,7432.7,27740.99,462.35,7397.6,100.5,Healthy,False
5,Implement Granular E-Commerce Campaign,2025-12-17,17,482.7,7915.4,27740.99,462.35,7859.95,100.7,Healthy,False
5,Implement Granular E-Commerce Campaign,2025-12-18,18,466.3,8381.7,27740.99,462.35,8322.3,100.7,Healthy,False
5,Implement Granular E-Commerce Campaign,2025-12-19,19,432.91,8814.61,27740.99,462.35,8784.65,100.3,Healthy,False
5,Implement Granular E-Commerce Campaign,2025-12-20,20,453.18,9267.79,27740.99,462.35,9247.0,100.2,Healthy,False
5,Implement Granular E-Commerce Campaign,2025-12-21,21,430.3,9698.09,27740.99,462.35,9709.35,99.9,Healthy,False
5,Implement Granular E-Commerce Campaign,2025-12-22,22,472.66,10170.75,27740.99,462.35,10171.7,100.0,Healthy,False
5,Implement Granular E-Commerce Campaign,2025-12-23,23,502.31,10673.06,27740.99,462.35,10634.05,100.4,Healthy,False
5,Implement Granular E-Commerce Campaign,2025-12-24,24,501.42,11174.48,27740.99,462.35,11096.4,100.7,Healthy,False
5,Implement Granular E-Commerce Campaign,2025-12-25,25,469.4,11643.880000000001,27740.99,462.35,11558.75,100.7,Healthy,False
5,Implement Granular E-Commerce Campaign,2025-12-26,26,484.21,12128.09,27740.99,462.35,12021.1,100.9,Healthy,False
5,Implement Granular E-Commerce Campaign,2025-12-27,27,457.8,12585.89,27740.99,462.35,12483.45,100.8,Healthy,False
5,Implement Granular E-Commerce Campaign,2025-12-28,28,493.69,13079.58,27740.99,462.35,12945.8,101.0,Healthy,False
5,Implement Granular E-Commerce Campaign,2025-12-29,29,496.55,13576.130000000001,27740.99,462.35,13408.15,101.3,Healthy,False
5,Implement Granular E-Commerce Campaign,2025-12-30,30,453.01,14029.14,27740.99,462.35,13870.5,101.1,Healthy,False
5,Implement Granular E-Commerce Campaign,2025-12-31,31,490.35,14519.49,27740.99,462.35,14332.85,101.3,Healthy,False
5,Implement Granular E-Commerce Campaign,2026-01-01,32,452.93,14972.42,27740.99,462.35,14795.2,101.2,Healthy,False
5,Implement Granular E-Commerce Campaign,2026-01-02,33,448.14,15420.56,27740.99,462.35,15257.55,101.1,Healthy,False
5,Implement Granular E-Commerce Campaign,2026-01-03,34,457.93,15878.49,27740.99,462.35,15719.9,101.0,Healthy,False
5,Implement Granular E-Commerce Campaign,2026-01-04,35,429.14,16307.630000000001,27740.99,462.35,16182.25,100.8,Healthy,False
5,Implement Granular E-Commerce Campaign,2026-01-05,36,454.85,16762.48,27740.99,462.35,16644.6,100.7,Healthy,False
5,Implement Granular E-Commerce Campaign,2026-01-06,37,469.8,17232.28,27740.99,462.35,17106.95,100.7,Healthy,False
5,Implement Granular E-Commerce Campaign,2026-01-07,38,477.47,17709.75,27740.99,462.35,17569.3,100.8,Healthy,False
5,Implement Granular E-Commerce Campaign,2026-01-08,39,429.86,18139.61,27740.99,462.35,18031.65,100.6,Healthy,False
5,Implement Granular E-Commerce Campaign,2026-01-09,40,508.3,18647.91,27740.99,462.35,18494.0,100.8,Healthy,False
5,Implement Granular E-Commerce Campaign,2026-01-10,41,422.32,19070.23,27740.99,462.35,18956.35,100.6,Healthy,False
5,Implement Granular E-Commerce Campaign,2026-01-11,42,499.16,19569.39,27740.99,462.35,19418.7,100.8,Healthy,False
5,Implement Granular E-Commerce Campaign,2026-01-12,43,419.49,19988.88,27740.99,462.35,19881.05,100.5,Healthy,False
5,Implement Granular E-Commerce Campaign,2026-01-13,44,422.19,20411.07,27740.99,462.35,20343.4,100.3,Healthy,False
5,Implement Granular E-Commerce Campaign,2026-01-14,45,464.61,20875.68,27740.99,462.35,20805.75,100.3,Healthy,False
5,Implement Granular E-Commerce Campaign,2026-01-15,46,467.86,21343.54,27740.99,462.35,21268.1,100.4,Healthy,False
5,Implement Granular E-Commerce Campaign,2026-01-16,47,495.8,21839.34,27740.99,462.35,21730.45,100.5,Healthy,False
5,Implement Granular E-Commerce Campaign,2026-01-17,48,441.15,22280.49,27740.99,462.35,22192.8,100.4,Healthy,False
5,Implement Granular E-Commerce Campaign,2026-01-18,49,418.46,22698.95,27740.99,462.35,22655.15,100.2,Healthy,False
5,Implement Granular E-Commerce Campaign,2026-01-19,50,477.05,23176.0,27740.99,462.35,23117.5,100.3,Healthy,False
5,Implement Granular E-Commerce Campaign,2026-01-20,51,437.48,23613.48,27740.99,462.35,23579.85,100.1,Healthy,False
5,Implement Granular E-Commerce Campaign,2026-01-21,52,425.74,24039.22,27740.99,462.35,24042.2,100.0,Healthy,False
5,Implement Granular E-Commerce Campaign,2026-01-22,53,476.47,24515.69,27740.99,462.35,24504.55,100.0,Healthy,False
5,Implement Granular E-Commerce Campaign,2026-01-23,54,438.6,24954.29,27740.99,462.35,24966.9,99.9,Healthy,False
5,Implement Granular E-Commerce Campaign,2026-01-24,55,492.89,25447.18,27740.99,462.35,25429.25,100.1,Healthy,False
5,Implement Granular E-Commerce Campaign,2026-01-25,56,435.07,25882.25,27740.99,462.35,25891.6,100.0,Healthy,False
5,Implement Granular E-Commerce Campaign,2026-01-26,57,417.32,26299.57,27740.99,462.35,26353.95,99.8,Healthy,False
5,Implement Granular E-Commerce Campaign,2026-01-27,58,418.57,26718.14,27740.99,462.35,26816.3,99.6,Healthy,False
5,Implement Granular E-Commerce Campaign,2026-01-28,59,455.08,27173.22,27740.99,462.35,27278.65,99.6,Healthy,False
5,Implement Granular E-Commerce Campaign,2026-01-29,60,447.72,27620.94,27740.99,462.35,27741.0,99.6,Healthy,False
6,Engineer Cross-Platform Platforms Campaign,2025-12-01,1,635.75,635.75,37220.88,620.35,620.35,102.5,Healthy,False
6,Engineer Cross-Platform Platforms Campaign,2025-12-02,2,612.43,1248.1799999999998,37220.88,620.35,1240.7,100.6,Healthy,False
6,Engineer Cross-Platform Platforms Campaign,2025-12-03,3,653.06,1901.2399999999998,37220.88,620.35,1861.05,102.2,Healthy,False
6,Engineer Cross-Platform Platforms Campaign,2025-12-04,4,618.79,2520.0299999999997,37220.88,620.35,2481.4,101.6,Healthy,False
6,Engineer Cross-Platform Platforms Campaign,2025-12-05,5,611.07,3131.1,37220.88,620.35,3101.75,100.9,Healthy,False
6,Engineer Cross-Platform Platforms Campaign,2025-12-06,6,625.52,3756.62,37220.88,620.35,3722.1,100.9,Healthy,False
6,Engineer Cross-Platform Platforms Campaign,2025-12-07,7,575.6,4332.22,37220.88,620.35,4342.45,99.8,Healthy,False
6,Engineer Cross-Platform Platforms Campaign,2025-12-08,8,623.54,4955.76,37220.88,620.35,4962.8,99.9,Healthy,False
6,Engineer Cross-Platform Platforms Campaign,2025-12-09,9,560.6,5516.36,37220.88,620.35,5583.15,98.8,Healthy,False
6,Engineer Cross-Platform Platforms Campaign,2025-12-10,10,629.84,6146.2,37220.88,620.35,6203.5,99.1,Healthy,False
6,Engineer Cross-Platform Platforms Campaign,2025-12-11,11,639.14,6785.34,37220.88,620.35,6823.85,99.4,Healthy,False
6,Engineer Cross-Platform Platforms Campaign,2025-12-12,12,559.68,7345.0199999999995,37220.88,620.35,7444.2,98.7,Healthy,False
6,Engineer Cross-Platform Platforms Campaign,2025-12-13,13,666.74,8011.76,37220.88,620.35,8064.55,99.3,Healthy,False
6,Engineer Cross-Platform Platforms Campaign,2025-12-14,14,640.83,8652.59,37220.88,620.35,8684.9,99.6,Healthy,False
6,Engineer Cross-Platform Platforms Campaign,2025-12-15,15,610.27,9262.86,37220.88,620.35,9305.25,99.5,Healthy,False
6,Engineer Cross-Platform Platforms Campaign,2025-12-16,16,564.14,9827.0,37220.88,620.35,9925.6,99.0,Healthy,False
6,Engineer Cross-Platform Platforms Campaign,2025-12-17,17,568.59,10395.59,37220.88,620.35,10545.95,98.6,Healthy,False
6,Engineer Cross-Platform Platforms Campaign,2025-12-18,18,606.61,11002.2,37220.88,620.35,11166.3,98.5,Healthy,False
6,Engineer Cross-Platform Platforms Campaign,2025-12-19,19,647.53,11649.73,37220.88,620.35,11786.65,98.8,Healthy,False
6,Engineer Cross-Platform Platforms Campaign,2025-12-20,20,617.38,12267.11,37220.88,620.35,12407.0,98.9,Healthy,False
6,Engineer Cross-Platform Platforms Campaign,2025-12-21,21,649.21,12916.32,37220.88,620.35,13027.35,99.1,Healthy,False
6,Engineer Cross-Platform Platforms Campaign,2025-12-22,22,590.85,13507.17,37220.88,620.35,13647.7,99.0,Healthy,False
6,Engineer Cross-Platform Platforms Campaign,2025-12-23,23,619.9,14127.07,37220.88,620.35,14268.05,99.0,Healthy,False
6,Engineer Cross-Platform Platforms Campaign,2025-12-24,24,653.96,14781.03,37220.88,620.35,14888.4,99.3,Healthy,False
6,Engineer Cross-Platform Platforms Campaign,2025-12-25,25,648.66,15429.69,37220.88,620.35,15508.75,99.5,Healthy,False
6,Engineer Cross-Platform Platforms Campaign,2025-12-26,26,612.26,16041.95,37220.88,620.35,16129.1,99.5,Healthy,False
6,Engineer Cross-Platform Platforms Campaign,2025-12-27,27,657.5,16699.45,37220.88,620.35,16749.45,99.7,Healthy,False
6,Engineer Cross-Platform Platforms Campaign,2025-12-28,28,631.54,17330.99,37220.88,620.35,17369.8,99.8,Healthy,False
6,Engineer Cross-Platform Platforms Campaign,2025-12-29,29,672.13,18003.12,37220.88,620.35,17990.15,100.1,Healthy,False
6,Engineer Cross-Platform Platforms Campaign,2025-12-30,30,613.65,18616.77,37220.88,620.35,18610.5,100.0,Healthy,False
6,Engineer Cross-Platform Platforms Campaign,2025-12-31,31,666.62,19283.39,37220.88,620.35,19230.85,100.3,Healthy,False
6,Engineer Cross-Platform Platforms Campaign,2026-01-01,32,640.05,19923.44,37220.88,620.35,19851.2,100.4,Healthy,False
6,Engineer Cross-Platform Platforms Campaign,2026-01-02,33,589.29,20512.73,37220.88,620.35,20471.55,100.2,Healthy,False
6,Engineer Cross-Platform Platforms Campaign,2026-01-03,34,680.85,21193.579999999998,37220.88,620.35,21091.9,100.5,Healthy,False
6,Engineer Cross-Platform Platforms Campaign,2026-01-04,35,645.86,21839.44,37220.88,620.35,21712.25,100.6,Healthy,False
6,Engineer Cross-Platform Platforms Campaign,2026-01-05,36,628.78,22468.22,37220.88,620.35,22332.6,100.6,Healthy,False
6,Engineer Cross-Platform Platforms Campaign,2026-01-06,37,644.84,23113.06,37220.88,620.35,22952.95,100.7,Healthy,False
6,Engineer Cross-Platform Platforms Campaign,2026-01-07,38,678.79,23791.85,37220.88,620.35,23573.3,100.9,Healthy,False
6,Engineer Cross-Platform Platforms Campaign,2026-01-08,39,665.27,24457.12,37220.88,620.35,24193.65,101.1,Healthy,False
6,Engineer Cross-Platform Platforms Campaign,2026-01-09,40,661.16,25118.28,37220.88,620.35,24814.0,101.2,Healthy,False
6,Engineer Cross-Platform Platforms Campaign,2026-01-10,41,586.85,25705.13,37220.88,620.35,25434.35,101.1,Healthy,False
6,Engineer Cross-Platform Platforms Campaign,2026-01-11,42,644.7,26349.829999999998,37220.88,620.35,26054.7,101.1,Healthy,False
6,Engineer Cross-Platform Platforms Campaign,2026-01-12,43,566.42,26916.25,37220.88,620.35,26675.05,100.9,Healthy,False
6,Engineer Cross-Platform Platforms Campaign,2026-01-13,44,656.42,27572.67,37220.88,620.35,27295.4,101.0,Healthy,False
6,Engineer Cross-Platform Platforms Campaign,2026-01-14,45,668.24,28240.91,37220.88,620.35,27915.75,101.2,Healthy,False
6,Engineer Cross-Platform Platforms Campaign,2026-01-15,46,561.34,28802.25,37220.88,620.35,28536.1,100.9,Healthy,False
6,Engineer Cross-Platform Platforms Campaign,2026-01-16,47,666.84,29469.09,37220.88,620.35,29156.45,101.1,Healthy,False
6,Engineer Cross-Platform Platforms Campaign,2026-01-17,48,657.42,30126.51,37220.88,620.35,29776.8,101.2,Healthy,False
6,Engineer Cross-Platform Platforms Campaign,2026-01-18,49,653.5,30780.01,37220.88,620.35,30397.15,101.3,Healthy,False
6,Engineer Cross-Platform Platforms Campaign,2026-01-19,50,636.17,31416.18,37220.88,620.35,31017.5,101.3,Healthy,False
6,Engineer Cross-Platform Platforms Campaign,2026-01-20,51,653.63,32069.81,37220.88,620.35,31637.85,101.4,Healthy,False
6,Engineer Cross-Platform Platforms Campaign,2026-01-21,52,649.83,32719.64,37220.88,620.35,32258.2,101.4,Healthy,False
6,Engineer Cross-Platform Platforms Campaign,2026-01-22,53,602.31,33321.95,37220.88,620.35,32878.55,101.3,Healthy,False
6,Engineer Cross-Platform Platforms Campaign,2026-01-23,54,587.3,33909.25,37220.88,620.35,33498.9,101.2,Healthy,False
6,Engineer Cross-Platform Platforms Campaign,2026-01-24,55,680.86,34590.11,37220.88,620.35,34119.25,101.4,Healthy,False
6,Engineer Cross-Platform Platforms Campaign,2026-01-25,56,642.64,35232.75,37220.88,620.35,34739.6,101.4,Healthy,False
6,Engineer Cross-Platform Platforms Campaign,2026-01-26,57,655.88,35888.63,37220.88,620.35,35359.95,101.5,Healthy,False
6,Engineer Cross-Platform Platforms Campaign,2026-01-27,58,667.39,36556.02,37220.88,620.35,35980.3,101.6,Healthy,False
6,Engineer Cross-Platform Platforms Campaign,2026-01-28,59,634.42,37190.44,37220.88,620.35,36600.65,101.6,Healthy,False
6,Engineer Cross-Platform Platforms Campaign,2026-01-29,60,587.06,37777.5,37220.88,620.35,37221.0,101.5,Healthy,False
7,Iterate Cross-Media Metrics Campaign,2025-12-01,1,235.27,235.27,14919.83,248.66,248.66,94.6,Healthy,False
7,Iterate Cross-Media Metrics Campaign,2025-12-02,2,233.07,468.34000000000003,14919.83,248.66,497.32,94.2,Healthy,False
7,Iterate Cross-Media Metrics Campaign,2025-12-03,3,226.67,695.01,14919.83,248.66,745.98,93.2,Healthy,False
7,Iterate Cross-Media Metrics Campaign,2025-12-04,4,269.93,964.94,14919.83,248.66,994.64,97.0,Healthy,False
7,Iterate Cross-Media Metrics Campaign,2025-12-05,5,243.5,1208.44,14919.83,248.66,1243.3,97.2,Healthy,False
7,Iterate Cross-Media Metrics Campaign,2025-12-06,6,231.45,1439.8899999999999,14919.83,248.66,1491.96,96.5,Healthy,False
7,Iterate Cross-Media Metrics Campaign,2025-12-07,7,234.92,1674.81,14919.83,248.66,1740.62,96.2,Healthy,False
7,Iterate Cross-Media Metrics Campaign,2025-12-08,8,252.64,1927.45,14919.83,248.66,1989.28,96.9,Healthy,False
7,Iterate Cross-Media Metrics Campaign,2025-12-09,9,237.0,2164.45,14919.83,248.66,2237.94,96.7,Healthy,False
7,Iterate Cross-Media Metrics Campaign,2025-12-10,10,271.32,2435.77,14919.83,248.66,2486.6,98.0,Healthy,False
7,Iterate Cross-Media Metrics Campaign,2025-12-11,11,256.38,2692.15,14919.83,248.66,2735.26,98.4,Healthy,False
7,Iterate Cross-Media Metrics Campaign,2025-12-12,12,244.11,2936.2599999999998,14919.83,248.66,2983.92,98.4,Healthy,False
7,Iterate Cross-Media Metrics Campaign,2025-12-13,13,259.77,3196.0299999999997,14919.83,248.66,3232.58,98.9,Healthy,False
7,Iterate Cross-Media Metrics Campaign,2025-12-14,14,234.74,3430.77,14919.83,248.66,3481.24,98.6,Healthy,False
7,Iterate Cross-Media Metrics Campaign,2025-12-15,15,266.13,3696.9,14919.83,248.66,3729.9,99.1,Healthy,False
7,Iterate Cross-Media Metrics Campaign,2025-12-16,16,253.26,3950.16,14919.83,248.66,3978.56,99.3,Healthy,False
7,Iterate Cross-Media Metrics Campaign,2025-12-17,17,257.51,4207.67,14919.83,248.66,4227.22,99.5,Healthy,False
7,Iterate Cross-Media Metrics Campaign,2025-12-18,18,267.49,4475.16,14919.83,248.66,4475.88,100.0,Healthy,False
7,Iterate Cross-Media Metrics Campaign,2025-12-19,19,266.1,4741.26,14919.83,248.66,4724.54,100.4,Healthy,False
7,Iterate Cross-Media Metrics Campaign,2025-12-20,20,265.42,5006.68,14919.83,248.66,4973.2,100.7,Healthy,False
7,Iterate Cross-Media Metrics Campaign,2025-12-21,21,254.56,5261.24,14919.83,248.66,5221.86,100.8,Healthy,False
7,Iterate Cross-Media Metrics Campaign,2025-12-22,22,267.6,5528.84,14919.83,248.66,5470.52,101.1,Healthy,False
7,Iterate Cross-Media Metrics Campaign,2025-12-23,23,264.86,5793.7,14919.83,248.66,5719.18,101.3,Healthy,False
7,Iterate Cross-Media Metrics Campaign,2025-12-24,24,260.77,6054.47,14919.83,248.66,5967.84,101.5,Healthy,False
7,Iterate Cross-Media Metrics Campaign,2025-12-25,25,265.18,6319.65,14919.83,248.66,6216.5,101.7,Healthy,False
7,Iterate Cross-Media Metrics Campaign,2025-12-26,26,238.07,6557.72,14919.83,248.66,6465.16,101.4,Healthy,False
7,Iterate Cross-Media Metrics Campaign,2025-12-27,27,255.22,6812.94,14919.83,248.66,6713.82,101.5,Healthy,False
7,Iterate Cross-Media Metrics Campaign,2025-12-28,28,250.65,7063.59,14919.83,248.66,6962.48,101.5,Healthy,False
7,Iterate Cross-Media Metrics Campaign,2025-12-29,29,261.64,7325.23,14919.83,248.66,7211.14,101.6,Healthy,False
7,Iterate Cross-Media Metrics Campaign,2025-12-30,30,240.8,7566.03,14919.83,248.66,7459.8,101.4,Healthy,False
7,Iterate Cross-Media Metrics Campaign,2025-12-31,31,228.89,7794.92,14919.83,248.66,7708.46,101.1,Healthy,False
7,Iterate Cross-Media Metrics Campaign,2026-01-01,32,227.17,8022.09,14919.83,248.66,7957.12,100.8,Healthy,False
7,Iterate Cross-Media Metrics Campaign,2026-01-02,33,227.14,8249.23,14919.83,248.66,8205.78,100.5,Healthy,False
7,Iterate Cross-Media Metrics Campaign,2026-01-03,34,254.67,8503.9,14919.83,248.66,8454.44,100.6,Healthy,False
7,Iterate Cross-Media Metrics Campaign,2026-01-04,35,272.21,8776.11,14919.83,248.66,8703.1,100.8,Healthy,False
7,Iterate Cross-Media Metrics Campaign,2026-01-05,36,230.26,9006.37,14919.83,248.66,8951.76,100.6,Healthy,False
7,Iterate Cross-Media Metrics Campaign,2026-01-06,37,224.89,9231.26,14919.83,248.66,9200.42,100.3,Healthy,False
7,Iterate Cross-Media Metrics Campaign,2026-01-07,38,262.11,9493.37,14919.83,248.66,9449.08,100.5,Healthy,False
7,Iterate Cross-Media Metrics Campaign,2026-01-08,39,237.4,9730.77,14919.83,248.66,9697.74,100.3,Healthy,False
7,Iterate Cross-Media Metrics Campaign,2026-01-09,40,246.24,9977.01,14919.83,248.66,9946.4,100.3,Healthy,False
7,Iterate Cross-Media Metrics Campaign,2026-01-10,41,258.29,10235.3,14919.83,248.66,10195.06,100.4,Healthy,False
7,Iterate Cross-Media Metrics Campaign,2026-01-11,42,257.64,10492.94,14919.83,248.66,10443.72,100.5,Healthy,False
7,Iterate Cross-Media Metrics Campaign,2026-01-12,43,271.08,10764.02,14919.83,248.66,10692.38,100.7,Healthy,False
7,Iterate Cross-Media Metrics Campaign,2026-01-13,44,270.72,11034.74,14919.83,248.66,10941.04,100.9,Healthy,False
7,Iterate Cross-Media Metrics Campaign,2026-01-14,45,243.57,11278.31,14919.83,248.66,11189.7,100.8,Healthy,False
7,Iterate Cross-Media Metrics Campaign,2026-01-15,46,244.15,11522.46,14919.83,248.66,11438.36,100.7,Healthy,False
7,Iterate Cross-Media Metrics Campaign,2026-01-16,47,234.39,11756.85,14919.83,248.66,11687.02,100.6,Healthy,False
7,Iterate Cross-Media Metrics Campaign,2026-01-17,48,242.12,11998.97,14919.83,248.66,11935.68,100.5,Healthy,False
7,Iterate Cross-Media Metrics Campaign,2026-01-18,49,271.94,12270.91,14919.83,248.66,12184.34,100.7,Healthy,False
7,Iterate Cross-Media Metrics Campaign,2026-01-19,50,262.42,12533.33,14919.83,248.66,12433.0,100.8,Healthy,False
7,Iterate Cross-Media Metrics Campaign,2026-01-20,51,261.64,12794.97,14919.83,248.66,12681.66,100.9,Healthy,False
7,Iterate Cross-Media Metrics Campaign,2026-01-21,52,225.41,13020.38,14919.83,248.66,12930.32,100.7,Healthy,False
7,Iterate Cross-Media Metrics Campaign,2026-01-22,53,263.41,13283.79,14919.83,248.66,13178.98,100.8,Healthy,False
7,Iterate Cross-Media Metrics Campaign,2026-01-23,54,230.02,13513.81,14919.83,248.66,13427.64,100.6,Healthy,False
7,Iterate Cross-Media Metrics Campaign,2026-01-24,55,233.77,13747.58,14919.83,248.66,13676.3,100.5,Healthy,False
7,Iterate Cross-Media Metrics Campaign,2026-01-25,56,252.74,14000.32,14919.83,248.66,13924.96,100.5,Healthy,False
7,Iterate Cross-Media Metrics Campaign,2026-01-26,57,239.23,14239.55,14919.83,248.66,14173.62,100.5,Healthy,False
7,Iterate Cross-Media Metrics Campaign,2026-01-27,58,227.4,14466.95,14919.83,248.66,14422.28,100.3,Healthy,False
7,Iterate Cross-Media Metrics Campaign,2026-01-28,59,253.63,14720.58,14919.83,248.66,14670.94,100.3,Healthy,False
7,Iterate Cross-Media Metrics Campaign,2026-01-29,60,266.57,14987.15,14919.83,248.66,14919.6,100.5,Healthy,False
8,Incubate 24/7 Architectures Campaign,2025-12-01,1,618.78,618.78,39146.33,652.44,652.44,94.8,Healthy,False
8,Incubate 24/7 Architectures Campaign,2025-12-02,2,652.29,1271.07,39146.33,652.44,1304.88,97.4,Healthy,False
8,Incubate 24/7 Architectures Campaign,2025-12-03,3,660.22,1931.29,39146.33,652.44,1957.32,98.7,Healthy,False
8,Incubate 24/7 Architectures Campaign,2025-12-04,4,654.75,2586.04,39146.33,652.44,2609.76,99.1,Healthy,False
8,Incubate 24/7 Architectures Campaign,2025-12-05,5,591.53,3177.5699999999997,39146.33,652.44,3262.2,97.4,Healthy,False
8,Incubate 24/7 Architectures Campaign,2025-12-06,6,604.51,3782.08,39146.33,652.44,3914.64,96.6,Healthy,False
8,Incubate 24/7 Architectures Campaign,2025-12-07,7,691.66,4473.74,39146.33,652.44,4567.08,98.0,Healthy,False
8,Incubate 24/7 Architectures Campaign,2025-12-08,8,600.84,5074.58,39146.33,652.44,5219.52,97.2,Healthy,False
8,Incubate 24/7 Architectures Campaign,2025-12-09,9,591.32,5665.9,39146.33,652.44,5871.96,96.5,Healthy,False
8,Incubate 24/7 Architectures Campaign,2025-12-10,10,657.83,6323.73,39146.33,652.44,6524.4,96.9,Healthy,False
8,Incubate 24/7 Architectures Campaign,2025-12-11,11,680.38,7004.11,39146.33,652.44,7176.84,97.6,Healthy,False
8,Incubate 24/7 Architectures Campaign,2025-12-12,12,693.52,7697.63,39146.33,652.44,7829.28,98.3,Healthy,False
8,Incubate 24/7 Architectures Campaign,2025-12-13,13,658.65,8356.28,39146.33,652.44,8481.72,98.5,Healthy,False
8,Incubate 24/7 Architectures Campaign,2025-12-14,14,671.18,9027.46,39146.33,652.44,9134.16,98.8,Healthy,False
8,Incubate 24/7 Architectures Campaign,2025-12-15,15,597.85,9625.31,39146.33,652.44,9786.6,98.4,Healthy,False
8,Incubate 24/7 Architectures Campaign,2025-12-16,16,608.01,10233.32,39146.33,652.44,10439.04,98.0,Healthy,False
8,Incubate 24/7 Architectures Campaign,2025-12-17,17,714.53,10947.85,39146.33,652.44,11091.48,98.7,Healthy,False
8,Incubate 24/7 Architectures Campaign,2025-12-18,18,690.24,11638.09,39146.33,652.44,11743.92,99.1,Healthy,False
8,Incubate 24/7 Architectures Campaign,2025-12-19,19,659.66,12297.75,39146.33,652.44,12396.36,99.2,Healthy,False
8,Incubate 24/7 Architectures Campaign,2025-12-20,20,717.21,13014.96,39146.33,652.44,13048.8,99.7,Healthy,False
8,Incubate 24/7 Architectures Campaign,2025-12-21,21,613.23,13628.19,39146.33,652.44,13701.24,99.5,Healthy,False
8,Incubate 24/7 Architectures Campaign,2025-12-22,22,591.2,14219.39,39146.33,652.44,14353.68,99.1,Healthy,False
8,Incubate 24/7 Architectures Campaign,2025-12-23,23,700.5,14919.89,39146.33,652.44,15006.12,99.4,Healthy,False
8,Incubate 24/7 Architectures Campaign,2025-12-24,24,642.72,15562.61,39146.33,652.44,15658.56,99.4,Healthy,False
8,Incubate 24/7 Architectures Campaign,2025-12-25,25,716.07,16278.68,39146.33,652.44,16311.0,99.8,Healthy,False
8,Incubate 24/7 Architectures Campaign,2025-12-26,26,662.71,16941.39,39146.33,652.44,16963.44,99.9,Healthy,False
8,Incubate 24/7 Architectures Campaign,2025-12-27,27,650.7,17592.09,39146.33,652.44,17615.88,99.9,Healthy,False
8,Incubate 24/7 Architectures Campaign,2025-12-28,28,642.23,18234.32,39146.33,652.44,18268.32,99.8,Healthy,False
8,Incubate 24/7 Architectures Campaign,2025-12-29,29,706.25,18940.57,39146.33,652.44,18920.76,100.1,Healthy,False
8,Incubate 24/7 Architectures Campaign,2025-12-30,30,669.61,19610.18,39146.33,652.44,19573.2,100.2,Healthy,False
8,Incubate 24/7 Architectures Campaign,2025-12-31,31,680.6,20290.78,39146.33,652.44,20225.64,100.3,Healthy,False
8,Incubate 24/7 Architectures Campaign,2026-01-01,32,618.19,20908.97,39146.33,652.44,20878.08,100.1,Healthy,False
8,Incubate 24/7 Architectures Campaign,2026-01-02,33,698.68,21607.65,39146.33,652.44,21530.52,100.4,Healthy,False
8,Incubate 24/7 Architectures Campaign,2026-01-03,34,700.82,22308.47,39146.33,652.44,22182.96,100.6,Healthy,False
8,Incubate 24/7 Architectures Campaign,2026-01-04,35,634.07,22942.54,39146.33,652.44,22835.4,100.5,Healthy,False
8,Incubate 24/7 Architectures Campaign,2026-01-05,36,638.23,23580.77,39146.33,652.44,23487.84,100.4,Healthy,False
8,Incubate 24/7 Architectures Campaign,2026-01-06,37,672.89,24253.66,39146.33,652.44,24140.28,100.5,Healthy,False
8,Incubate 24/7 Architectures Campaign,2026-01-07,38,604.27,24857.93,39146.33,652.44,24792.72,100.3,Healthy,False
8,Incubate 24/7 Architectures Campaign,2026-01-08,39,618.0,25475.93,39146.33,652.44,25445.16,100.1,Healthy,False
8,Incubate 24/7 Architectures Campaign,2026-01-09,40,655.02,26130.95,39146.33,652.44,26097.6,100.1,Healthy,False
8,Incubate 24/7 Architectures Campaign,2026-01-10,41,643.42,26774.37,39146.33,652.44,26750.04,100.1,Healthy,False
8,Incubate 24/7 Architectures Campaign,2026-01-11,42,679.42,27453.79,39146.33,652.44,27402.48,100.2,Healthy,False
8,Incubate 24/7 Architectures Campaign,2026-01-12,43,591.98,28045.77,39146.33,652.44,28054.92,100.0,Healthy,False
8,Incubate 24/7 Architectures Campaign,2026-01-13,44,649.13,28694.9,39146.33,652.44,28707.36,100.0,Healthy,False
8,Incubate 24/7 Architectures Campaign,2026-01-14,45,663.58,29358.48,39146.33,652.44,29359.8,100.0,Healthy,False
8,Incubate 24/7 Architectures Campaign,2026-01-15,46,601.8,29960.28,39146.33,652.44,30012.24,99.8,Healthy,False
8,Incubate 24/7 Architectures Campaign,2026-01-16,47,656.51,30616.79,39146.33,652.44,30664.68,99.8,Healthy,False
8,Incubate 24/7 Architectures Campaign,2026-01-17,48,603.13,31219.920000000002,39146.33,652.44,31317.12,99.7,Healthy,False
8,Incubate 24/7 Architectures Campaign,2026-01-18,49,628.45,31848.37,39146.33,652.44,31969.56,99.6,Healthy,False
8,Incubate 24/7 Architectures Campaign,2026-01-19,50,606.55,32454.920000000002,39146.33,652.44,32622.0,99.5,Healthy,False
8,Incubate 24/7 Architectures Campaign,2026-01-20,51,587.84,33042.76,39146.33,652.44,33274.44,99.3,Healthy,False
8,Incubate 24/7 Architectures Campaign,2026-01-21,52,700.45,33743.21,39146.33,652.44,33926.88,99.5,Healthy,False
8,Incubate 24/7 Architectures Campaign,2026-01-22,53,650.98,34394.19,39146.33,652.44,34579.32,99.5,Healthy,False
8,Incubate 24/7 Architectures Campaign,2026-01-23,54,591.11,34985.3,39146.33,652.44,35231.76,99.3,Healthy,False
8,Incubate 24/7 Architectures Campaign,2026-01-24,55,613.54,35598.840000000004,39146.33,652.44,35884.2,99.2,Healthy,False
8,Incubate 24/7 Architectures Campaign,2026-01-25,56,599.45,36198.29,39146.33,652.44,36536.64,99.1,Healthy,False
8,Incubate 24/7 Architectures Campaign,2026-01-26,57,700.48,36898.77,39146.33,652.44,37189.08,99.2,Healthy,False
8,Incubate 24/7 Architectures Campaign,2026-01-27,58,696.56,37595.33,39146.33,652.44,37841.52,99.3,Healthy,False
8,Incubate 24/7 Architectures Campaign,2026-01-28,59,652.07,38247.4,39146.33,652.44,38493.96,99.4,Healthy,False
8,Incubate 24/7 Architectures Campaign,2026-01-29,60,661.65,38909.05,39146.33,652.44,39146.4,99.4,Healthy,False
9,Re-Intermediate Bricks-And-Clicks Networks Campaign,2025-12-01,1,319.27,319.27,20311.27,338.52,338.52,94.3,Healthy,False
9,Re-Intermediate Bricks-And-Clicks Networks Campaign,2025-12-02,2,348.76,668.03,20311.27,338.52,677.04,98.7,Healthy,False
9,Re-Intermediate Bricks-And-Clicks Networks Campaign,2025-12-03,3,372.33,1040.36,20311.27,338.52,1015.56,102.4,Healthy,False
9,Re-Intermediate Bricks-And-Clicks Networks Campaign,2025-12-04,4,332.22,1372.58,20311.27,338.52,1354.08,101.4,Healthy,False
9,Re-Intermediate Bricks-And-Clicks Networks Campaign,2025-12-05,5,343.06,1715.6399999999999,20311.27,338.52,1692.6,101.4,Healthy,False
9,Re-Intermediate Bricks-And-Clicks Networks Campaign,2025-12-06,6,332.03,2047.67,20311.27,338.52,2031.12,100.8,Healthy,False
9,Re-Intermediate Bricks-And-Clicks Networks Campaign,2025-12-07,7,359.36,2407.0299999999997,20311.27,338.52,2369.64,101.6,Healthy,False
9,Re-Intermediate Bricks-And-Clicks Networks Campaign,2025-12-08,8,334.16,2741.19,20311.27,338.52,2708.16,101.2,Healthy,False
9,Re-Intermediate Bricks-And-Clicks Networks Campaign,2025-12-09,9,341.53,3082.72,20311.27,338.52,3046.68,101.2,Healthy,False
9,Re-Intermediate Bricks-And-Clicks Networks Campaign,2025-12-10,10,329.48,3412.2,20311.27,338.52,3385.2,100.8,Healthy,False
9,Re-Intermediate Bricks-And-Clicks Networks Campaign,2025-12-11,11,330.97,3743.17,20311.27,338.52,3723.72,100.5,Healthy,False
9,Re-Intermediate Bricks-And-Clicks Networks Campaign,2025-12-12,12,329.94,4073.11,20311.27,338.52,4062.24,100.3,Healthy,False
9,Re-Intermediate Bricks-And-Clicks Networks Campaign,2025-12-13,13,345.52,4418.63,20311.27,338.52,4400.76,100.4,Healthy,False
9,Re-Intermediate Bricks-And-Clicks Networks Campaign,2025-12-14,14,336.05,4754.68,20311.27,338.52,4739.28,100.3,Healthy,False
9,Re-Intermediate Bricks-And-Clicks Networks Campaign,2025-12-15,15,339.81,5094.49,20311.27,338.52,5077.8,100.3,Healthy,False
9,Re-Intermediate Bricks-And-Clicks Networks Campaign,2025-12-16,16,327.77,5422.26,20311.27,338.52,5416.32,100.1,Healthy,False
9,Re-Intermediate Bricks-And-Clicks Networks Campaign,2025-12-17,17,343.95,5766.21,20311.27,338.52,5754.84,100.2,Healthy,False
9,Re-Intermediate Bricks-And-Clicks Networks Campaign,2025-12-18,18,356.45,6122.66,20311.27,338.52,6093.36,100.5,Healthy,False
9,Re-Intermediate Bricks-And-Clicks Networks Campaign,2025-12-19,19,369.36,6492.02,20311.27,338.52,6431.88,100.9,Healthy,False
9,Re-Intermediate Bricks-And-Clicks Networks Campaign,2025-12-20,20,305.18,6797.2,20311.27,338.52,6770.4,100.4,Healthy,False
9,Re-Intermediate Bricks-And-Clicks Networks Campaign,2025-12-21,21,321.15,7118.35,20311.27,338.52,7108.92,100.1,Healthy,False
9,Re-Intermediate Bricks-And-Clicks Networks Campaign,2025-12-22,22,367.93,7486.28,20311.27,338.52,7447.44,100.5,Healthy,False
9,Re-Intermediate Bricks-And-Clicks Networks Campaign,2025-12-23,23,337.56,7823.84,20311.27,338.52,7785.96,100.5,Healthy,False
9,Re-Intermediate Bricks-And-Clicks Networks Campaign,2025-12-24,24,325.47,8149.31,20311.27,338.52,8124.48,100.3,Healthy,False
9,Re-Intermediate Bricks-And-Clicks Networks Campaign,2025-12-25,25,325.74,8475.05,20311.27,338.52,8463.0,100.1,Healthy,False
9,Re-Intermediate Bricks-And-Clicks Networks Campaign,2025-12-26,26,323.13,8798.18,20311.27,338.52,8801.52,100.0,Healthy,False
9,Re-Intermediate Bricks-And-Clicks Networks Campaign,2025-12-27,27,316.93,9115.11,20311.27,338.52,9140.04,99.7,Healthy,False
9,Re-Intermediate Bricks-And-Clicks Networks Campaign,2025-12-28,28,340.22,9455.33,20311.27,338.52,9478.56,99.8,Healthy,False
9,Re-Intermediate Bricks-And-Clicks Networks Campaign,2025-12-29,29,343.08,9798.41,20311.27,338.52,9817.08,99.8,Healthy,False
9,Re-Intermediate Bricks-And-Clicks Networks Campaign,2025-12-30,30,337.41,10135.82,20311.27,338.52,10155.6,99.8,Healthy,False
9,Re-Intermediate Bricks-And-Clicks Networks Campaign,2025-12-31,31,307.61,10443.43,20311.27,338.52,10494.12,99.5,Healthy,False
9,Re-Intermediate Bricks-And-Clicks Networks Campaign,2026-01-01,32,345.4,10788.83,20311.27,338.52,10832.64,99.6,Healthy,False
9,Re-Intermediate Bricks-And-Clicks Networks Campaign,2026-01-02,33,320.11,11108.94,20311.27,338.52,11171.16,99.4,Healthy,False
9,Re-Intermediate Bricks-And-Clicks Networks Campaign,2026-01-03,34,332.5,11441.44,20311.27,338.52,11509.68,99.4,Healthy,False
9,Re-Intermediate Bricks-And-Clicks Networks Campaign,2026-01-04,35,328.6,11770.04,20311.27,338.52,11848.2,99.3,Healthy,False
9,Re-Intermediate Bricks-And-Clicks Networks Campaign,2026-01-05,36,323.27,12093.31,20311.27,338.52,12186.72,99.2,Healthy,False
9,Re-Intermediate Bricks-And-Clicks Networks Campaign,2026-01-06,37,349.86,12443.17,20311.27,338.52,12525.24,99.3,Healthy,False
9,Re-Intermediate Bricks-And-Clicks Networks Campaign,2026-01-07,38,335.25,12778.42,20311.27,338.52,12863.76,99.3,Healthy,False
9,Re-Intermediate Bricks-And-Clicks Networks Campaign,2026-01-08,39,354.56,13132.98,20311.27,338.52,13202.28,99.5,Healthy,False
9,Re-Intermediate Bricks-And-Clicks Networks Campaign,2026-01-09,40,311.15,13444.13,20311.27,338.52,13540.8,99.3,Healthy,False
9,Re-Intermediate Bricks-And-Clicks Networks Campaign,2026-01-10,41,345.77,13789.9,20311.27,338.52,13879.32,99.4,Healthy,False
9,Re-Intermediate Bricks-And-Clicks Networks Campaign,2026-01-11,42,331.13,14121.03,20311.27,338.52,14217.84,99.3,Healthy,False
9,Re-Intermediate Bricks-And-Clicks Networks Campaign,2026-01-12,43,371.55,14492.58,20311.27,338.52,14556.36,99.6,Healthy,False
9,Re-Intermediate Bricks-And-Clicks Networks Campaign,2026-01-13,44,332.04,14824.62,20311.27,338.52,14894.88,99.5,Healthy,False
9,Re-Intermediate Bricks-And-Clicks Networks Campaign,2026-01-14,45,351.55,15176.17,20311.27,338.52,15233.4,99.6,Healthy,False
9,Re-Intermediate Bricks-And-Clicks Networks Campaign,2026-01-15,46,311.72,15487.89,20311.27,338.52,15571.92,99.5,Healthy,False
9,Re-Intermediate Bricks-And-Clicks Networks Campaign,2026-01-16,47,323.23,15811.12,20311.27,338.52,15910.44,99.4,Healthy,False
9,Re-Intermediate Bricks-And-Clicks Networks Campaign,2026-01-17,48,365.21,16176.33,20311.27,338.52,16248.96,99.6,Healthy,False
9,Re-Intermediate Bricks-And-Clicks Networks Campaign,2026-01-18,49,320.01,16496.34,20311.27,338.52,16587.48,99.5,Healthy,False
9,Re-Intermediate Bricks-And-Clicks Networks Campaign,2026-01-19,50,339.81,16836.15,20311.27,338.52,16926.0,99.5,Healthy,False
9,Re-Intermediate Bricks-And-Clicks Networks Campaign,2026-01-20,51,320.49,17156.64,20311.27,338.52,17264.52,99.4,Healthy,False
9,Re-Intermediate Bricks-And-Clicks Networks Campaign,2026-01-21,52,348.74,17505.38,20311.27,338.52,17603.04,99.4,Healthy,False
9,Re-Intermediate Bricks-And-Clicks Networks Campaign,2026-01-22,53,327.21,17832.59,20311.27,338.52,17941.56,99.4,Healthy,False
9,Re-Intermediate Bricks-And-Clicks Networks Campaign,2026-01-23,54,349.48,18182.07,20311.27,338.52,18280.08,99.5,Healthy,False
9,Re-Intermediate Bricks-And-Clicks Networks Campaign,2026-01-24,55,336.16,18518.23,20311.27,338.52,18618.6,99.5,Healthy,False
9,Re-Intermediate Bricks-And-Clicks Networks Campaign,2026-01-25,56,369.5,18887.73,20311.27,338.52,18957.12,99.6,Healthy,False
9,Re-Intermediate Bricks-And-Clicks Networks Campaign,2026-01-26,57,318.27,19206.0,20311.27,338.52,19295.64,99.5,Healthy,False
9,Re-Intermediate Bricks-And-Clicks Networks Campaign,2026-01-27,58,335.16,19541.16,20311.27,338.52,19634.16,99.5,Healthy,False
9,Re-Intermediate Bricks-And-Clicks Networks Campaign,2026-01-28,59,349.69,19890.85,20311.27,338.52,19972.68,99.6,Healthy,False
9,Re-Intermediate Bricks-And-Clicks Networks Campaign,2026-01-29,60,320.55,20211.4,20311.27,338.52,20311.2,99.5,Healthy,False
10,Repurpose Bleeding-Edge Technologies Campaign,2025-12-01,1,161.27,161.27,9599.46,159.99,159.99,100.8,Healthy,False
10,Repurpose Bleeding-Edge Technologies Campaign,2025-12-02,2,163.94,325.21000000000004,9599.46,159.99,319.98,101.6,Healthy,False
10,Repurpose Bleeding-Edge Technologies Campaign,2025-12-03,3,148.08,473.29,9599.46,159.99,479.97,98.6,Healthy,False
10,Repurpose Bleeding-Edge Technologies Campaign,2025-12-04,4,166.67,639.96,9599.46,159.99,639.96,100.0,Healthy,False
10,Repurpose Bleeding-Edge Technologies Campaign,2025-12-05,5,152.41,792.37,9599.46,159.99,799.95,99.1,Healthy,False
10,Repurpose Bleeding-Edge Technologies Campaign,2025-12-06,6,173.97,966.34,9599.46,159.99,959.94,100.7,Healthy,False
10,Repurpose Bleeding-Edge Technologies Campaign,2025-12-07,7,156.69,1123.03,9599.46,159.99,1119.93,100.3,Healthy,False
10,Repurpose Bleeding-Edge Technologies Campaign,2025-12-08,8,160.49,1283.52,9599.46,159.99,1279.92,100.3,Healthy,False
10,Repurpose Bleeding-Edge Technologies Campaign,2025-12-09,9,175.74,1459.26,9599.46,159.99,1439.91,101.3,Healthy,False
10,Repurpose Bleeding-Edge Technologies Campaign,2025-12-10,10,173.77,1633.03,9599.46,159.99,1599.9,102.1,Healthy,False
10,Repurpose Bleeding-Edge Technologies Campaign,2025-12-11,11,156.17,1789.2,9599.46,159.99,1759.89,101.7,Healthy,False
10,Repurpose Bleeding-Edge Technologies Campaign,2025-12-12,12,169.78,1958.98,9599.46,159.99,1919.88,102.0,Healthy,False
10,Repurpose Bleeding-Edge Technologies Campaign,2025-12-13,13,146.58,2105.56,9599.46,159.99,2079.87,101.2,Healthy,False
10,Repurpose Bleeding-Edge Technologies Campaign,2025-12-14,14,166.23,2271.79,9599.46,159.99,2239.86,101.4,Healthy,False
10,Repurpose Bleeding-Edge Technologies Campaign,2025-12-15,15,164.5,2436.29,9599.46,159.99,2399.85,101.5,Healthy,False
10,Repurpose Bleeding-Edge Technologies Campaign,2025-12-16,16,171.57,2607.86,9599.46,159.99,2559.84,101.9,Healthy,False
10,Repurpose Bleeding-Edge Technologies Campaign,2025-12-17,17,163.39,2771.25,9599.46,159.99,2719.83,101.9,Healthy,False
10,Repurpose Bleeding-Edge Technologies Campaign,2025-12-18,18,160.07,2931.32,9599.46,159.99,2879.82,101.8,Healthy,False
10,Repurpose Bleeding-Edge Technologies Campaign,2025-12-19,19,155.75,3087.07,9599.46,159.99,3039.81,101.6,Healthy,False
10,Repurpose Bleeding-Edge Technologies Campaign,2025-12-20,20,148.32,3235.39,9599.46,159.99,3199.8,101.1,Healthy,False
10,Repurpose Bleeding-Edge Technologies Campaign,2025-12-21,21,174.9,3410.29,9599.46,159.99,3359.79,101.5,Healthy,False
10,Repurpose Bleeding-Edge Technologies Campaign,2025-12-22,22,160.19,3570.48,9599.46,159.99,3519.78,101.4,Healthy,False
10,Repurpose Bleeding-Edge Technologies Campaign,2025-12-23,23,164.5,3734.98,9599.46,159.99,3679.77,101.5,Healthy,False
10,Repurpose Bleeding-Edge Technologies Campaign,2025-12-24,24,164.8,3899.78,9599.46,159.99,3839.76,101.6,Healthy,False
10,Repurpose Bleeding-Edge Technologies Campaign,2025-12-25,25,168.97,4068.75,9599.46,159.99,3999.75,101.7,Healthy,False
10,Repurpose Bleeding-Edge Technologies Campaign,2025-12-26,26,175.82,4244.57,9599.46,159.99,4159.74,102.0,Healthy,False
10,Repurpose Bleeding-Edge Technologies Campaign,2025-12-27,27,175.47,4420.04,9599.46,159.99,4319.73,102.3,Healthy,False
10,Repurpose Bleeding-Edge Technologies Campaign,2025-12-28,28,147.88,4567.92,9599.46,159.99,4479.72,102.0,Healthy,False
10,Repurpose Bleeding-Edge Technologies Campaign,2025-12-29,29,166.14,4734.06,9599.46,159.99,4639.71,102.0,Healthy,False
10,Repurpose Bleeding-Edge Technologies Campaign,2025-12-30,30,175.88,4909.94,9599.46,159.99,4799.7,102.3,Healthy,False
10,Repurpose Bleeding-Edge Technologies Campaign,2025-12-31,31,153.79,5063.73,9599.46,159.99,4959.69,102.1,Healthy,False
10,Repurpose Bleeding-Edge Technologies Campaign,2026-01-01,32,157.62,5221.35,9599.46,159.99,5119.68,102.0,Healthy,False
10,Repurpose Bleeding-Edge Technologies Campaign,2026-01-02,33,158.38,5379.73,9599.46,159.99,5279.67,101.9,Healthy,False
10,Repurpose Bleeding-Edge Technologies Campaign,2026-01-03,34,157.24,5536.97,9599.46,159.99,5439.66,101.8,Healthy,False
10,Repurpose Bleeding-Edge Technologies Campaign,2026-01-04,35,168.61,5705.58,9599.46,159.99,5599.65,101.9,Healthy,False
10,Repurpose Bleeding-Edge Technologies Campaign,2026-01-05,36,159.39,5864.97,9599.46,159.99,5759.64,101.8,Healthy,False
10,Repurpose Bleeding-Edge Technologies Campaign,2026-01-06,37,168.32,6033.29,9599.46,159.99,5919.63,101.9,Healthy,False
10,Repurpose Bleeding-Edge Technologies Campaign,2026-01-07,38,150.88,6184.17,9599.46,159.99,6079.62,101.7,Healthy,False
10,Repurpose Bleeding-Edge Technologies Campaign,2026-01-08,39,175.22,6359.39,9599.46,159.99,6239.61,101.9,Healthy,False
10,Repurpose Bleeding-Edge Technologies Campaign,2026-01-09,40,159.6,6518.99,9599.46,159.99,6399.6,101.9,Healthy,False
10,Repurpose Bleeding-Edge Technologies Campaign,2026-01-10,41,158.53,6677.5199999999995,9599.46,159.99,6559.59,101.8,Healthy,False
10,Repurpose Bleeding-Edge Technologies Campaign,2026-01-11,42,159.61,6837.13,9599.46,159.99,6719.58,101.7,Healthy,False
10,Repurpose Bleeding-Edge Technologies Campaign,2026-01-12,43,167.58,7004.71,9599.46,159.99,6879.57,101.8,Healthy,False
10,Repurpose Bleeding-Edge Technologies Campaign,2026-01-13,44,156.61,7161.32,9599.46,159.99,7039.56,101.7,Healthy,False
10,Repurpose Bleeding-Edge Technologies Campaign,2026-01-14,45,172.54,7333.86,9599.46,159.99,7199.55,101.9,Healthy,False
10,Repurpose Bleeding-Edge Technologies Campaign,2026-01-15,46,154.08,7487.94,9599.46,159.99,7359.54,101.7,Healthy,False
10,Repurpose Bleeding-Edge Technologies Campaign,2026-01-16,47,152.14,7640.08,9599.46,159.99,7519.53,101.6,Healthy,False
10,Repurpose Bleeding-Edge Technologies Campaign,2026-01-17,48,172.85,7812.93,9599.46,159.99,7679.52,101.7,Healthy,False
10,Repurpose Bleeding-Edge Technologies Campaign,2026-01-18,49,165.09,7978.02,9599.46,159.99,7839.51,101.8,Healthy,False
10,Repurpose Bleeding-Edge Technologies Campaign,2026-01-19,50,163.64,8141.66,9599.46,159.99,7999.5,101.8,Healthy,False
10,Repurpose Bleeding-Edge Technologies Campaign,2026-01-20,51,148.8,8290.46,9599.46,159.99,8159.49,101.6,Healthy,False
10,Repurpose Bleeding-Edge Technologies Campaign,2026-01-21,52,165.76,8456.22,9599.46,159.99,8319.48,101.6,Healthy,False
10,Repurpose Bleeding-Edge Technologies Campaign,2026-01-22,53,166.91,8623.13,9599.46,159.99,8479.47,101.7,Healthy,False
10,Repurpose Bleeding-Edge Technologies Campaign,2026-01-23,54,144.38,8767.51,9599.46,159.99,8639.46,101.5,Healthy,False
10,Repurpose Bleeding-Edge Technologies Campaign,2026-01-24,55,155.29,8922.8,9599.46,159.99,8799.45,101.4,Healthy,False
10,Repurpose Bleeding-Edge Technologies Campaign,2026-01-25,56,168.78,9091.58,9599.46,159.99,8959.44,101.5,Healthy,False
10,Repurpose Bleeding-Edge Technologies Campaign,2026-01-26,57,149.56,9241.14,9599.46,159.99,9119.43,101.3,Healthy,False
10,Repurpose Bleeding-Edge Technologies Campaign,2026-01-27,58,168.45,9409.59,9599.46,159.99,9279.42,101.4,Healthy,False
10,Repurpose Bleeding-Edge Technologies Campaign,2026-01-28,59,146.62,9556.21,9599.46,159.99,9439.41,101.2,Healthy,False
10,Repurpose Bleeding-Edge Technologies Campaign,2026-01-29,60,168.6,9724.81,9599.46,159.99,9599.4,101.3,Healthy,False
11,Synergize Efficient Bandwidth Campaign,2025-12-01,1,735.49,735.49,43137.25,718.95,718.95,102.3,Healthy,False
11,Synergize Efficient Bandwidth Campaign,2025-12-02,2,723.31,1458.8,43137.25,718.95,1437.9,101.5,Healthy,False
11,Synergize Efficient Bandwidth Campaign,2025-12-03,3,761.9,2220.7,43137.25,718.95,2156.85,103.0,Healthy,False
11,Synergize Efficient Bandwidth Campaign,2025-12-04,4,733.6,2954.3,43137.25,718.95,2875.8,102.7,Healthy,False
11,Synergize Efficient Bandwidth Campaign,2025-12-05,5,763.78,3718.08,43137.25,718.95,3594.75,103.4,Healthy,False
11,Synergize Efficient Bandwidth Campaign,2025-12-06,6,695.69,4413.77,43137.25,718.95,4313.7,102.3,Healthy,False
11,Synergize Efficient Bandwidth Campaign,2025-12-07,7,700.57,5114.34,43137.25,718.95,5032.65,101.6,Healthy,False
11,Synergize Efficient Bandwidth Campaign,2025-12-08,8,735.19,5849.53,43137.25,718.95,5751.6,101.7,Healthy,False
11,Synergize Efficient Bandwidth Campaign,2025-12-09,9,664.53,6514.06,43137.25,718.95,6470.55,100.7,Healthy,False
11,Synergize Efficient Bandwidth Campaign,2025-12-10,10,739.92,7253.98,43137.25,718.95,7189.5,100.9,Healthy,False
11,Synergize Efficient Bandwidth Campaign,2025-12-11,11,770.91,8024.89,43137.25,718.95,7908.45,101.5,Healthy,False
11,Synergize Efficient Bandwidth Campaign,2025-12-12,12,683.32,8708.21,43137.25,718.95,8627.4,100.9,Healthy,False
11,Synergize Efficient Bandwidth Campaign,2025-12-13,13,768.13,9476.34,43137.25,718.95,9346.35,101.4,Healthy,False
11,Synergize Efficient Bandwidth Campaign,2025-12-14,14,741.4,10217.74,43137.25,718.95,10065.3,101.5,Healthy,False
11,Synergize Efficient Bandwidth Campaign,2025-12-15,15,788.64,11006.38,43137.25,718.95,10784.25,102.1,Healthy,False
11,Synergize Efficient Bandwidth Campaign,2025-12-16,16,670.75,11677.13,43137.25,718.95,11503.2,101.5,Healthy,False
11,Synergize Efficient Bandwidth Campaign,2025-12-17,17,764.64,12441.77,43137.25,718.95,12222.15,101.8,Healthy,False
11,Synergize Efficient Bandwidth Campaign,2025-12-18,18,767.94,13209.71,43137.25,718.95,12941.1,102.1,Healthy,False
11,Synergize Efficient Bandwidth Campaign,2025-12-19,19,731.94,13941.65,43137.25,718.95,13660.05,102.1,Healthy,False
11,Synergize Efficient Bandwidth Campaign,2025-12-20,20,728.3,14669.95,43137.25,718.95,14379.0,102.0,Healthy,False
11,Synergize Efficient Bandwidth Campaign,2025-12-21,21,738.55,15408.5,43137.25,718.95,15097.95,102.1,Healthy,False
11,Synergize Efficient Bandwidth Campaign,2025-12-22,22,713.42,16121.92,43137.25,718.95,15816.9,101.9,Healthy,False
11,Synergize Efficient Bandwidth Campaign,2025-12-23,23,751.51,16873.43,43137.25,718.95,16535.85,102.0,Healthy,False
11,Synergize Efficient Bandwidth Campaign,2025-12-24,24,704.79,17578.22,43137.25,718.95,17254.8,101.9,Healthy,False
11,Synergize Efficient Bandwidth Campaign,2025-12-25,25,726.87,18305.09,43137.25,718.95,17973.75,101.8,Healthy,False
11,Synergize Efficient Bandwidth Campaign,2025-12-26,26,674.09,18979.18,43137.25,718.95,18692.7,101.5,Healthy,False
11,Synergize Efficient Bandwidth Campaign,2025-12-27,27,726.75,19705.93,43137.25,718.95,19411.65,101.5,Healthy,False
11,Synergize Efficient Bandwidth Campaign,2025-12-28,28,652.13,20358.06,43137.25,718.95,20130.6,101.1,Healthy,False
11,Synergize Efficient Bandwidth Campaign,2025-12-29,29,784.82,21142.88,43137.25,718.95,20849.55,101.4,Healthy,False
11,Synergize Efficient Bandwidth Campaign,2025-12-30,30,668.46,21811.34,43137.25,718.95,21568.5,101.1,Healthy,False
11,Synergize Efficient Bandwidth Campaign,2025-12-31,31,790.32,22601.66,43137.25,718.95,22287.45,101.4,Healthy,False
11,Synergize Efficient Bandwidth Campaign,2026-01-01,32,750.88,23352.54,43137.25,718.95,23006.4,101.5,Healthy,False
11,Synergize Efficient Bandwidth Campaign,2026-01-02,33,703.35,24055.89,43137.25,718.95,23725.35,101.4,Healthy,False
11,Synergize Efficient Bandwidth Campaign,2026-01-03,34,647.52,24703.41,43137.25,718.95,24444.3,101.1,Healthy,False
11,Synergize Efficient Bandwidth Campaign,2026-01-04,35,761.25,25464.66,43137.25,718.95,25163.25,101.2,Healthy,False
11,Synergize Efficient Bandwidth Campaign,2026-01-05,36,716.21,26180.87,43137.25,718.95,25882.2,101.2,Healthy,False
11,Synergize Efficient Bandwidth Campaign,2026-01-06,37,730.45,26911.32,43137.25,718.95,26601.15,101.2,Healthy,False
11,Synergize Efficient Bandwidth Campaign,2026-01-07,38,733.83,27645.15,43137.25,718.95,27320.1,101.2,Healthy,False
11,Synergize Efficient Bandwidth Campaign,2026-01-08,39,685.85,28331.0,43137.25,718.95,28039.05,101.0,Healthy,False
11,Synergize Efficient Bandwidth Campaign,2026-01-09,40,658.14,28989.14,43137.25,718.95,28758.0,100.8,Healthy,False
11,Synergize Efficient Bandwidth Campaign,2026-01-10,41,759.92,29749.06,43137.25,718.95,29476.95,100.9,Healthy,False
11,Synergize Efficient Bandwidth Campaign,2026-01-11,42,721.43,30470.49,43137.25,718.95,30195.9,100.9,Healthy,False
11,Synergize Efficient Bandwidth Campaign,2026-01-12,43,694.25,31164.74,43137.25,718.95,30914.85,100.8,Healthy,False
11,Synergize Efficient Bandwidth Campaign,2026-01-13,44,678.78,31843.52,43137.25,718.95,31633.8,100.7,Healthy,False
11,Synergize Efficient Bandwidth Campaign,2026-01-14,45,790.61,32634.13,43137.25,718.95,32352.75,100.9,Healthy,False
11,Synergize Efficient Bandwidth Campaign,2026-01-15,46,707.63,33341.76,43137.25,718.95,33071.7,100.8,Healthy,False
11,Synergize Efficient Bandwidth Campaign,2026-01-16,47,664.07,34005.83,43137.25,718.95,33790.65,100.6,Healthy,False
11,Synergize Efficient Bandwidth Campaign,2026-01-17,48,702.25,34708.08,43137.25,718.95,34509.6,100.6,Healthy,False
11,Synergize Efficient Bandwidth Campaign,2026-01-18,49,673.58,35381.66,43137.25,718.95,35228.55,100.4,Healthy,False
11,Synergize Efficient Bandwidth Campaign,2026-01-19,50,650.82,36032.48,43137.25,718.95,35947.5,100.2,Healthy,False
11,Synergize Efficient Bandwidth Campaign,2026-01-20,51,686.32,36718.8,43137.25,718.95,36666.45,100.1,Healthy,False
11,Synergize Efficient Bandwidth Campaign,2026-01-21,52,782.32,37501.12,43137.25,718.95,37385.4,100.3,Healthy,False
11,Synergize Efficient Bandwidth Campaign,2026-01-22,53,772.54,38273.66,43137.25,718.95,38104.35,100.4,Healthy,False
11,Synergize Efficient Bandwidth Campaign,2026-01-23,54,762.47,39036.13,43137.25,718.95,38823.3,100.5,Healthy,False
11,Synergize Efficient Bandwidth Campaign,2026-01-24,55,666.25,39702.38,43137.25,718.95,39542.25,100.4,Healthy,False
11,Synergize Efficient Bandwidth Campaign,2026-01-25,56,718.44,40420.82,43137.25,718.95,40261.2,100.4,Healthy,False
11,Synergize Efficient Bandwidth Campaign,2026-01-26,57,757.13,41177.95,43137.25,718.95,40980.15,100.5,Healthy,False
11,Synergize Efficient Bandwidth Campaign,2026-01-27,58,666.52,41844.47,43137.25,718.95,41699.1,100.3,Healthy,False
11,Synergize Efficient Bandwidth Campaign,2026-01-28,59,784.61,42629.08,43137.25,718.95,42418.05,100.5,Healthy,False
11,Synergize Efficient Bandwidth Campaign,2026-01-29,60,687.63,43316.71,43137.25,718.95,43137.0,100.4,Healthy,False
12,Repurpose Real-Time Methodologies Campaign,2025-12-01,1,601.87,601.87,37837.93,630.63,630.63,95.4,Healthy,False
12,Repurpose Real-Time Methodologies Campaign,2025-12-02,2,665.53,1267.4,37837.93,630.63,1261.26,100.5,Healthy,False
12,Repurpose Real-Time Methodologies Campaign,2025-12-03,3,571.81,1839.21,37837.93,630.63,1891.89,97.2,Healthy,False
12,Repurpose Real-Time Methodologies Campaign,2025-12-04,4,585.13,2424.34,37837.93,630.63,2522.52,96.1,Healthy,False
12,Repurpose Real-Time Methodologies Campaign,2025-12-05,5,611.38,3035.72,37837.93,630.63,3153.15,96.3,Healthy,False
12,Repurpose Real-Time Methodologies Campaign,2025-12-06,6,651.29,3687.0099999999998,37837.93,630.63,3783.78,97.4,Healthy,False
12,Repurpose Real-Time Methodologies Campaign,2025-12-07,7,685.72,4372.73,37837.93,630.63,4414.41,99.1,Healthy,False
12,Repurpose Real-Time Methodologies Campaign,2025-12-08,8,600.38,4973.11,37837.93,630.63,5045.04,98.6,Healthy,False
12,Repurpose Real-Time Methodologies Campaign,2025-12-09,9,599.92,5573.03,37837.93,630.63,5675.67,98.2,Healthy,False
12,Repurpose Real-Time Methodologies Campaign,2025-12-10,10,638.87,6211.9,37837.93,630.63,6306.3,98.5,Healthy,False
12,Repurpose Real-Time Methodologies Campaign,2025-12-11,11,644.32,6856.22,37837.93,630.63,6936.93,98.8,Healthy,False
12,Repurpose Real-Time Methodologies Campaign,2025-12-12,12,586.64,7442.86,37837.93,630.63,7567.56,98.4,Healthy,False
12,Repurpose Real-Time Methodologies Campaign,2025-12-13,13,674.85,8117.71,37837.93,630.63,8198.19,99.0,Healthy,False
12,Repurpose Real-Time Methodologies Campaign,2025-12-14,14,582.04,8699.75,37837.93,630.63,8828.82,98.5,Healthy,False
12,Repurpose Real-Time Methodologies Campaign,2025-12-15,15,576.1,9275.85,37837.93,630.63,9459.45,98.1,Healthy,False
12,Repurpose Real-Time Methodologies Campaign,2025-12-16,16,577.87,9853.72,37837.93,630.63,10090.08,97.7,Healthy,False
12,Repurpose Real-Time Methodologies Campaign,2025-12-17,17,588.48,10442.2,37837.93,630.63,10720.71,97.4,Healthy,False
12,Repurpose Real-Time Methodologies Campaign,2025-12-18,18,651.95,11094.15,37837.93,630.63,11351.34,97.7,Healthy,False
12,Repurpose Real-Time Methodologies Campaign,2025-12-19,19,649.67,11743.82,37837.93,630.63,11981.97,98.0,Healthy,False
12,Repurpose Real-Time Methodologies Campaign,2025-12-20,20,632.21,12376.03,37837.93,630.63,12612.6,98.1,Healthy,False
12,Repurpose Real-Time Methodologies Campaign,2025-12-21,21,574.12,12950.15,37837.93,630.63,13243.23,97.8,Healthy,False
12,Repurpose Real-Time Methodologies Campaign,2025-12-22,22,600.19,13550.34,37837.93,630.63,13873.86,97.7,Healthy,False
12,Repurpose Real-Time Methodologies Campaign,2025-12-23,23,663.01,14213.35,37837.93,630.63,14504.49,98.0,Healthy,False
12,Repurpose Real-Time Methodologies Campaign,2025-12-24,24,678.28,14891.63,37837.93,630.63,15135.12,98.4,Healthy,False
12,Repurpose Real-Time Methodologies Campaign,2025-12-25,25,597.69,15489.32,37837.93,630.63,15765.75,98.2,Healthy,False
12,Repurpose Real-Time Methodologies Campaign,2025-12-26,26,664.94,16154.26,37837.93,630.63,16396.38,98.5,Healthy,False
12,Repurpose Real-Time Methodologies Campaign,2025-12-27,27,626.08,16780.34,37837.93,630.63,17027.01,98.6,Healthy,False
12,Repurpose Real-Time Methodologies Campaign,2025-12-28,28,630.35,17410.69,37837.93,630.63,17657.64,98.6,Healthy,False
12,Repurpose Real-Time Methodologies Campaign,2025-12-29,29,671.26,18081.95,37837.93,630.63,18288.27,98.9,Healthy,False
12,Repurpose Real-Time Methodologies Campaign,2025-12-30,30,689.21,18771.16,37837.93,630.63,18918.9,99.2,Healthy,False
12,Repurpose Real-Time Methodologies Campaign,2025-12-31,31,603.78,19374.94,37837.93,630.63,19549.53,99.1,Healthy,False
12,Repurpose Real-Time Methodologies Campaign,2026-01-01,32,647.6,20022.54,37837.93,630.63,20180.16,99.2,Healthy,False
12,Repurpose Real-Time Methodologies Campaign,2026-01-02,33,682.98,20705.52,37837.93,630.63,20810.79,99.5,Healthy,False
12,Repurpose Real-Time Methodologies Campaign,2026-01-03,34,655.34,21360.86,37837.93,630.63,21441.42,99.6,Healthy,False
12,Repurpose Real-Time Methodologies Campaign,2026-01-04,35,675.68,22036.54,37837.93,630.63,22072.05,99.8,Healthy,False
12,Repurpose Real-Time Methodologies Campaign,2026-01-05,36,691.61,22728.15,37837.93,630.63,22702.68,100.1,Healthy,False
12,Repurpose Real-Time Methodologies Campaign,2026-01-06,37,590.8,23318.95,37837.93,630.63,23333.31,99.9,Healthy,False
12,Repurpose Real-Time Methodologies Campaign,2026-01-07,38,586.75,23905.7,37837.93,630.63,23963.94,99.8,Healthy,False
12,Repurpose Real-Time Methodologies Campaign,2026-01-08,39,578.09,24483.79,37837.93,630.63,24594.57,99.5,Healthy,False
12,Repurpose Real-Time Methodologies Campaign,2026-01-09,40,631.29,25115.08,37837.93,630.63,25225.2,99.6,Healthy,False
12,Repurpose Real-Time Methodologies Campaign,2026-01-10,41,691.69,25806.77,37837.93,630.63,25855.83,99.8,Healthy,False
12,Repurpose Real-Time Methodologies Campaign,2026-01-11,42,588.5,26395.27,37837.93,630.63,26486.46,99.7,Healthy,False
12,Repurpose Real-Time Methodologies Campaign,2026-01-12,43,588.03,26983.3,37837.93,630.63,27117.09,99.5,Healthy,False
12,Repurpose Real-Time Methodologies Campaign,2026-01-13,44,634.09,27617.39,37837.93,630.63,27747.72,99.5,Healthy,False
12,Repurpose Real-Time Methodologies Campaign,2026-01-14,45,577.58,28194.97,37837.93,630.63,28378.35,99.4,Healthy,False
12,Repurpose Real-Time Methodologies Campaign,2026-01-15,46,675.81,28870.78,37837.93,630.63,29008.98,99.5,Healthy,False
12,Repurpose Real-Time Methodologies Campaign,2026-01-16,47,657.15,29527.93,37837.93,630.63,29639.61,99.6,Healthy,False
12,Repurpose Real-Time Methodologies Campaign,2026-01-17,48,671.2,30199.13,37837.93,630.63,30270.24,99.8,Healthy,False
12,Repurpose Real-Time Methodologies Campaign,2026-01-18,49,629.9,30829.03,37837.93,630.63,30900.87,99.8,Healthy,False
12,Repurpose Real-Time Methodologies Campaign,2026-01-19,50,589.48,31418.510000000002,37837.93,630.63,31531.5,99.6,Healthy,False
12,Repurpose Real-Time Methodologies Campaign,2026-01-20,51,580.26,31998.77,37837.93,630.63,32162.13,99.5,Healthy,False
12,Repurpose Real-Time Methodologies Campaign,2026-01-21,52,611.45,32610.22,37837.93,630.63,32792.76,99.4,Healthy,False
12,Repurpose Real-Time Methodologies Campaign,2026-01-22,53,649.69,33259.91,37837.93,630.63,33423.39,99.5,Healthy,False
12,Repurpose Real-Time Methodologies Campaign,2026-01-23,54,673.7,33933.61,37837.93,630.63,34054.02,99.6,Healthy,False
12,Repurpose Real-Time Methodologies Campaign,2026-01-24,55,647.55,34581.16,37837.93,630.63,34684.65,99.7,Healthy,False
12,Repurpose Real-Time Methodologies Campaign,2026-01-25,56,608.57,35189.73,37837.93,630.63,35315.28,99.6,Healthy,False
12,Repurpose Real-Time Methodologies Campaign,2026-01-26,57,589.62,35779.35,37837.93,630.63,35945.91,99.5,Healthy,False
12,Repurpose Real-Time Methodologies Campaign,2026-01-27,58,673.14,36452.49,37837.93,630.63,36576.54,99.7,Healthy,False
12,Repurpose Real-Time Methodologies Campaign,2026-01-28,59,655.12,37107.61,37837.93,630.63,37207.17,99.7,Healthy,False
12,Repurpose Real-Time Methodologies Campaign,2026-01-29,60,594.39,37702.0,37837.93,630.63,37837.8,99.6,Healthy,False
13,Incentivize Granular Bandwidth Campaign,2025-12-01,1,153.0,153.0,8546.01,142.43,142.43,107.4,Healthy,False
13,Incentivize Granular Bandwidth Campaign,2025-12-02,2,147.13,300.13,8546.01,142.43,284.86,105.4,Healthy,False
13,Incentivize Granular Bandwidth Campaign,2025-12-03,3,147.29,447.41999999999996,8546.01,142.43,427.29,104.7,Healthy,False
13,Incentivize Granular Bandwidth Campaign,2025-12-04,4,140.92,588.3399999999999,8546.01,142.43,569.72,103.3,Healthy,False
13,Incentivize Granular Bandwidth Campaign,2025-12-05,5,143.76,732.0999999999999,8546.01,142.43,712.15,102.8,Healthy,False
13,Incentivize Granular Bandwidth Campaign,2025-12-06,6,131.34,863.4399999999999,8546.01,142.43,854.58,101.0,Healthy,False
13,Incentivize Granular Bandwidth Campaign,2025-12-07,7,149.26,1012.6999999999999,8546.01,142.43,997.01,101.6,Healthy,False
13,Incentivize Granular Bandwidth Campaign,2025-12-08,8,152.64,1165.34,8546.01,142.43,1139.44,102.3,Healthy,False
13,Incentivize Granular Bandwidth Campaign,2025-12-09,9,149.66,1315.0,8546.01,142.43,1281.87,102.6,Healthy,False
13,Incentivize Granular Bandwidth Campaign,2025-12-10,10,155.61,1470.61,8546.01,142.43,1424.3,103.3,Healthy,False
13,Incentivize Granular Bandwidth Campaign,2025-12-11,11,151.81,1622.42,8546.01,142.43,1566.73,103.6,Healthy,False
13,Incentivize Granular Bandwidth Campaign,2025-12-12,12,131.39,1753.81,8546.01,142.43,1709.16,102.6,Healthy,False
13,Incentivize Granular Bandwidth Campaign,2025-12-13,13,130.94,1884.75,8546.01,142.43,1851.59,101.8,Healthy,False
13,Incentivize Granular Bandwidth Campaign,2025-12-14,14,141.54,2026.29,8546.01,142.43,1994.02,101.6,Healthy,False
13,Incentivize Granular Bandwidth Campaign,2025-12-15,15,136.65,2162.94,8546.01,142.43,2136.45,101.2,Healthy,False
13,Incentivize Granular Bandwidth Campaign,2025-12-16,16,129.56,2292.5,8546.01,142.43,2278.88,100.6,Healthy,False
13,Incentivize Granular Bandwidth Campaign,2025-12-17,17,147.21,2439.71,8546.01,142.43,2421.31,100.8,Healthy,False
13,Incentivize Granular Bandwidth Campaign,2025-12-18,18,133.47,2573.18,8546.01,142.43,2563.74,100.4,Healthy,False
13,Incentivize Granular Bandwidth Campaign,2025-12-19,19,150.82,2724.0,8546.01,142.43,2706.17,100.7,Healthy,False
13,Incentivize Granular Bandwidth Campaign,2025-12-20,20,156.54,2880.54,8546.01,142.43,2848.6,101.1,Healthy,False
13,Incentivize Granular Bandwidth Campaign,2025-12-21,21,130.0,3010.54,8546.01,142.43,2991.03,100.7,Healthy,False
13,Incentivize Granular Bandwidth Campaign,2025-12-22,22,131.46,3142.0,8546.01,142.43,3133.46,100.3,Healthy,False
13,Incentivize Granular Bandwidth Campaign,2025-12-23,23,147.25,3289.25,8546.01,142.43,3275.89,100.4,Healthy,False
13,Incentivize Granular Bandwidth Campaign,2025-12-24,24,144.47,3433.72,8546.01,142.43,3418.32,100.5,Healthy,False
13,Incentivize Granular Bandwidth Campaign,2025-12-25,25,137.22,3570.94,8546.01,142.43,3560.75,100.3,Healthy,False
13,Incentivize Granular Bandwidth Campaign,2025-12-26,26,145.33,3716.27,8546.01,142.43,3703.18,100.4,Healthy,False
13,Incentivize Granular Bandwidth Campaign,2025-12-27,27,145.48,3861.75,8546.01,142.43,3845.61,100.4,Healthy,False
13,Incentivize Granular Bandwidth Campaign,2025-12-28,28,148.2,4009.95,8546.01,142.43,3988.04,100.5,Healthy,False
13,Incentivize Granular Bandwidth Campaign,2025-12-29,29,131.16,4141.11,8546.01,142.43,4130.47,100.3,Healthy,False
13,Incentivize Granular Bandwidth Campaign,2025-12-30,30,146.77,4287.88,8546.01,142.43,4272.9,100.4,Healthy,False
13,Incentivize Granular Bandwidth Campaign,2025-12-31,31,149.37,4437.25,8546.01,142.43,4415.33,100.5,Healthy,False
13,Incentivize Granular Bandwidth Campaign,2026-01-01,32,130.21,4567.46,8546.01,142.43,4557.76,100.2,Healthy,False
13,Incentivize Granular Bandwidth Campaign,2026-01-02,33,141.65,4709.11,8546.01,142.43,4700.19,100.2,Healthy,False
13,Incentivize Granular Bandwidth Campaign,2026-01-03,34,136.07,4845.18,8546.01,142.43,4842.62,100.1,Healthy,False
13,Incentivize Granular Bandwidth Campaign,2026-01-04,35,141.92,4987.1,8546.01,142.43,4985.05,100.0,Healthy,False
13,Incentivize Granular Bandwidth Campaign,2026-01-05,36,136.18,5123.28,8546.01,142.43,5127.48,99.9,Healthy,False
13,Incentivize Granular Bandwidth Campaign,2026-01-06,37,128.34,5251.62,8546.01,142.43,5269.91,99.7,Healthy,False
13,Incentivize Granular Bandwidth Campaign,2026-01-07,38,129.23,5380.85,8546.01,142.43,5412.34,99.4,Healthy,False
13,Incentivize Granular Bandwidth Campaign,2026-01-08,39,151.05,5531.9,8546.01,142.43,5554.77,99.6,Healthy,False
13,Incentivize Granular Bandwidth Campaign,2026-01-09,40,136.55,5668.45,8546.01,142.43,5697.2,99.5,Healthy,False
13,Incentivize Granular Bandwidth Campaign,2026-01-10,41,130.67,5799.12,8546.01,142.43,5839.63,99.3,Healthy,False
13,Incentivize Granular Bandwidth Campaign,2026-01-11,42,138.02,5937.14,8546.01,142.43,5982.06,99.2,Healthy,False
13,Incentivize Granular Bandwidth Campaign,2026-01-12,43,142.25,6079.39,8546.01,142.43,6124.49,99.3,Healthy,False
13,Incentivize Granular Bandwidth Campaign,2026-01-13,44,131.93,6211.32,8546.01,142.43,6266.92,99.1,Healthy,False
13,Incentivize Granular Bandwidth Campaign,2026-01-14,45,140.2,6351.5199999999995,8546.01,142.43,6409.35,99.1,Healthy,False
13,Incentivize Granular Bandwidth Campaign,2026-01-15,46,148.53,6500.05,8546.01,142.43,6551.78,99.2,Healthy,False
13,Incentivize Granular Bandwidth Campaign,2026-01-16,47,151.65,6651.7,8546.01,142.43,6694.21,99.4,Healthy,False
13,Incentivize Granular Bandwidth Campaign,2026-01-17,48,128.23,6779.93,8546.01,142.43,6836.64,99.2,Healthy,False
13,Incentivize Granular Bandwidth Campaign,2026-01-18,49,135.53,6915.46,8546.01,142.43,6979.07,99.1,Healthy,False
13,Incentivize Granular Bandwidth Campaign,2026-01-19,50,147.75,7063.21,8546.01,142.43,7121.5,99.2,Healthy,False
13,Incentivize Granular Bandwidth Campaign,2026-01-20,51,141.18,7204.39,8546.01,142.43,7263.93,99.2,Healthy,False
13,Incentivize Granular Bandwidth Campaign,2026-01-21,52,140.12,7344.51,8546.01,142.43,7406.36,99.2,Healthy,False
13,Incentivize Granular Bandwidth Campaign,2026-01-22,53,130.47,7474.98,8546.01,142.43,7548.79,99.0,Healthy,False
13,Incentivize Granular Bandwidth Campaign,2026-01-23,54,147.23,7622.21,8546.01,142.43,7691.22,99.1,Healthy,False
13,Incentivize Granular Bandwidth Campaign,2026-01-24,55,145.1,7767.3099999999995,8546.01,142.43,7833.65,99.2,Healthy,False
13,Incentivize Granular Bandwidth Campaign,2026-01-25,56,154.2,7921.51,8546.01,142.43,7976.08,99.3,Healthy,False
13,Incentivize Granular Bandwidth Campaign,2026-01-26,57,148.81,8070.32,8546.01,142.43,8118.51,99.4,Healthy,False
13,Incentivize Granular Bandwidth Campaign,2026-01-27,58,130.08,8200.4,8546.01,142.43,8260.94,99.3,Healthy,False
13,Incentivize Granular Bandwidth Campaign,2026-01-28,59,128.52,8328.92,8546.01,142.43,8403.37,99.1,Healthy,False
13,Incentivize Granular Bandwidth Campaign,2026-01-29,60,142.03,8470.95,8546.01,142.43,8545.8,99.1,Healthy,False
14,Scale Magnetic Methodologies Campaign,2025-12-01,1,723.98,723.98,44845.33,747.42,747.42,96.9,Healthy,False
14,Scale Magnetic Methodologies Campaign,2025-12-02,2,799.08,1523.06,44845.33,747.42,1494.84,101.9,Healthy,False
14,Scale Magnetic Methodologies Campaign,2025-12-03,3,773.28,2296.34,44845.33,747.42,2242.26,102.4,Healthy,False
14,Scale Magnetic Methodologies Campaign,2025-12-04,4,790.62,3086.96,44845.33,747.42,2989.68,103.3,Healthy,False
14,Scale Magnetic Methodologies Campaign,2025-12-05,5,795.62,3882.58,44845.33,747.42,3737.1,103.9,Healthy,False
14,Scale Magnetic Methodologies Campaign,2025-12-06,6,737.1,4619.68,44845.33,747.42,4484.52,103.0,Healthy,False
14,Scale Magnetic Methodologies Campaign,2025-12-07,7,728.16,5347.84,44845.33,747.42,5231.94,102.2,Healthy,False
14,Scale Magnetic Methodologies Campaign,2025-12-08,8,775.58,6123.42,44845.33,747.42,5979.36,102.4,Healthy,False
14,Scale Magnetic Methodologies Campaign,2025-12-09,9,737.04,6860.46,44845.33,747.42,6726.78,102.0,Healthy,False
14,Scale Magnetic Methodologies Campaign,2025-12-10,10,724.38,7584.84,44845.33,747.42,7474.2,101.5,Healthy,False
14,Scale Magnetic Methodologies Campaign,2025-12-11,11,769.22,8354.06,44845.33,747.42,8221.62,101.6,Healthy,False
14,Scale Magnetic Methodologies Campaign,2025-12-12,12,683.4,9037.46,44845.33,747.42,8969.04,100.8,Healthy,False
14,Scale Magnetic Methodologies Campaign,2025-12-13,13,773.9,9811.36,44845.33,747.42,9716.46,101.0,Healthy,False
14,Scale Magnetic Methodologies Campaign,2025-12-14,14,705.25,10516.61,44845.33,747.42,10463.88,100.5,Healthy,False
14,Scale Magnetic Methodologies Campaign,2025-12-15,15,775.56,11292.17,44845.33,747.42,11211.3,100.7,Healthy,False
14,Scale Magnetic Methodologies Campaign,2025-12-16,16,676.79,11968.96,44845.33,747.42,11958.72,100.1,Healthy,False
14,Scale Magnetic Methodologies Campaign,2025-12-17,17,730.11,12699.07,44845.33,747.42,12706.14,99.9,Healthy,False
14,Scale Magnetic Methodologies Campaign,2025-12-18,18,730.68,13429.75,44845.33,747.42,13453.56,99.8,Healthy,False
14,Scale Magnetic Methodologies Campaign,2025-12-19,19,785.72,14215.47,44845.33,747.42,14200.98,100.1,Healthy,False
14,Scale Magnetic Methodologies Campaign,2025-12-20,20,807.23,15022.7,44845.33,747.42,14948.4,100.5,Healthy,False
14,Scale Magnetic Methodologies Campaign,2025-12-21,21,719.61,15742.31,44845.33,747.42,15695.82,100.3,Healthy,False
14,Scale Magnetic Methodologies Campaign,2025-12-22,22,796.26,16538.57,44845.33,747.42,16443.24,100.6,Healthy,False
14,Scale Magnetic Methodologies Campaign,2025-12-23,23,816.35,17354.92,44845.33,747.42,17190.66,101.0,Healthy,False
14,Scale Magnetic Methodologies Campaign,2025-12-24,24,723.56,18078.48,44845.33,747.42,17938.08,100.8,Healthy,False
14,Scale Magnetic Methodologies Campaign,2025-12-25,25,755.45,18833.93,44845.33,747.42,18685.5,100.8,Healthy,False
14,Scale Magnetic Methodologies Campaign,2025-12-26,26,797.3,19631.23,44845.33,747.42,19432.92,101.0,Healthy,False
14,Scale Magnetic Methodologies Campaign,2025-12-27,27,711.44,20342.67,44845.33,747.42,20180.34,100.8,Healthy,False
14,Scale Magnetic Methodologies Campaign,2025-12-28,28,723.87,21066.54,44845.33,747.42,20927.76,100.7,Healthy,False
14,Scale Magnetic Methodologies Campaign,2025-12-29,29,756.05,21822.59,44845.33,747.42,21675.18,100.7,Healthy,False
14,Scale Magnetic Methodologies Campaign,2025-12-30,30,693.49,22516.08,44845.33,747.42,22422.6,100.4,Healthy,False
14,Scale Magnetic Methodologies Campaign,2025-12-31,31,745.76,23261.84,44845.33,747.42,23170.02,100.4,Healthy,False
14,Scale Magnetic Methodologies Campaign,2026-01-01,32,804.27,24066.11,44845.33,747.42,23917.44,100.6,Healthy,False
14,Scale Magnetic Methodologies Campaign,2026-01-02,33,765.46,24831.57,44845.33,747.42,24664.86,100.7,Healthy,False
14,Scale Magnetic Methodologies Campaign,2026-01-03,34,678.58,25510.15,44845.33,747.42,25412.28,100.4,Healthy,False
14,Scale Magnetic Methodologies Campaign,2026-01-04,35,706.72,26216.87,44845.33,747.42,26159.7,100.2,Healthy,False
14,Scale Magnetic Methodologies Campaign,2026-01-05,36,780.63,26997.5,44845.33,747.42,26907.12,100.3,Healthy,False
14,Scale Magnetic Methodologies Campaign,2026-01-06,37,692.21,27689.71,44845.33,747.42,27654.54,100.1,Healthy,False
14,Scale Magnetic Methodologies Campaign,2026-01-07,38,791.4,28481.11,44845.33,747.42,28401.96,100.3,Healthy,False
14,Scale Magnetic Methodologies Campaign,2026-01-08,39,813.8,29294.91,44845.33,747.42,29149.38,100.5,Healthy,False
14,Scale Magnetic Methodologies Campaign,2026-01-09,40,819.32,30114.23,44845.33,747.42,29896.8,100.7,Healthy,False
14,Scale Magnetic Methodologies Campaign,2026-01-10,41,760.68,30874.91,44845.33,747.42,30644.22,100.8,Healthy,False
14,Scale Magnetic Methodologies Campaign,2026-01-11,42,703.06,31577.97,44845.33,747.42,31391.64,100.6,Healthy,False
14,Scale Magnetic Methodologies Campaign,2026-01-12,43,749.11,32327.08,44845.33,747.42,32139.06,100.6,Healthy,False
14,Scale Magnetic Methodologies Campaign,2026-01-13,44,802.07,33129.15,44845.33,747.42,32886.48,100.7,Healthy,False
14,Scale Magnetic Methodologies Campaign,2026-01-14,45,796.38,33925.53,44845.33,747.42,33633.9,100.9,Healthy,False
14,Scale Magnetic Methodologies Campaign,2026-01-15,46,815.59,34741.12,44845.33,747.42,34381.32,101.0,Healthy,False
14,Scale Magnetic Methodologies Campaign,2026-01-16,47,800.33,35541.45,44845.33,747.42,35128.74,101.2,Healthy,False
14,Scale Magnetic Methodologies Campaign,2026-01-17,48,806.18,36347.63,44845.33,747.42,35876.16,101.3,Healthy,False
14,Scale Magnetic Methodologies Campaign,2026-01-18,49,739.69,37087.32,44845.33,747.42,36623.58,101.3,Healthy,False
14,Scale Magnetic Methodologies Campaign,2026-01-19,50,811.16,37898.48,44845.33,747.42,37371.0,101.4,Healthy,False
14,Scale Magnetic Methodologies Campaign,2026-01-20,51,775.48,38673.96,44845.33,747.42,38118.42,101.5,Healthy,False
14,Scale Magnetic Methodologies Campaign,2026-01-21,52,692.77,39366.73,44845.33,747.42,38865.84,101.3,Healthy,False
14,Scale Magnetic Methodologies Campaign,2026-01-22,53,792.93,40159.66,44845.33,747.42,39613.26,101.4,Healthy,False
14,Scale Magnetic Methodologies Campaign,2026-01-23,54,815.8,40975.46,44845.33,747.42,40360.68,101.5,Healthy,False
14,Scale Magnetic Methodologies Campaign,2026-01-24,55,773.85,41749.31,44845.33,747.42,41108.1,101.6,Healthy,False
14,Scale Magnetic Methodologies Campaign,2026-01-25,56,674.82,42424.13,44845.33,747.42,41855.52,101.4,Healthy,False
14,Scale Magnetic Methodologies Campaign,2026-01-26,57,783.37,43207.5,44845.33,747.42,42602.94,101.4,Healthy,False
14,Scale Magnetic Methodologies Campaign,2026-01-27,58,787.62,43995.12,44845.33,747.42,43350.36,101.5,Healthy,False
14,Scale Magnetic Methodologies Campaign,2026-01-28,59,799.13,44794.25,44845.33,747.42,44097.78,101.6,Healthy,False
14,Scale Magnetic Methodologies Campaign,2026-01-29,60,745.57,45539.82,44845.33,747.42,44845.2,101.5,Healthy,False
15,Enhance Robust Vortals Campaign,2025-12-01,1,593.26,593.26,36705.73,611.76,611.76,97.0,Healthy,False
15,Enhance Robust Vortals Campaign,2025-12-02,2,666.54,1259.8,36705.73,611.76,1223.52,103.0,Healthy,False
15,Enhance Robust Vortals Campaign,2025-12-03,3,614.52,1874.32,36705.73,611.76,1835.28,102.1,Healthy,False
15,Enhance Robust Vortals Campaign,2025-12-04,4,611.84,2486.16,36705.73,611.76,2447.04,101.6,Healthy,False
15,Enhance Robust Vortals Campaign,2025-12-05,5,556.73,3042.89,36705.73,611.76,3058.8,99.5,Healthy,False
15,Enhance Robust Vortals Campaign,2025-12-06,6,586.71,3629.6,36705.73,611.76,3670.56,98.9,Healthy,False
15,Enhance Robust Vortals Campaign,2025-12-07,7,648.89,4278.49,36705.73,611.76,4282.32,99.9,Healthy,False
15,Enhance Robust Vortals Campaign,2025-12-08,8,661.45,4939.9400000000005,36705.73,611.76,4894.08,100.9,Healthy,False
15,Enhance Robust Vortals Campaign,2025-12-09,9,578.24,5518.18,36705.73,611.76,5505.84,100.2,Healthy,False
15,Enhance Robust Vortals Campaign,2025-12-10,10,624.42,6142.6,36705.73,611.76,6117.6,100.4,Healthy,False
15,Enhance Robust Vortals Campaign,2025-12-11,11,565.62,6708.22,36705.73,611.76,6729.36,99.7,Healthy,False
15,Enhance Robust Vortals Campaign,2025-12-12,12,605.56,7313.78,36705.73,611.76,7341.12,99.6,Healthy,False
15,Enhance Robust Vortals Campaign,2025-12-13,13,559.37,7873.15,36705.73,611.76,7952.88,99.0,Healthy,False
15,Enhance Robust Vortals Campaign,2025-12-14,14,637.94,8511.09,36705.73,611.76,8564.64,99.4,Healthy,False
15,Enhance Robust Vortals Campaign,2025-12-15,15,618.18,9129.27,36705.73,611.76,9176.4,99.5,Healthy,False
15,Enhance Robust Vortals Campaign,2025-12-16,16,645.45,9774.72,36705.73,611.76,9788.16,99.9,Healthy,False
15,Enhance Robust Vortals Campaign,2025-12-17,17,585.37,10360.09,36705.73,611.76,10399.92,99.6,Healthy,False
15,Enhance Robust Vortals Campaign,2025-12-18,18,557.23,10917.32,36705.73,611.76,11011.68,99.1,Healthy,False
15,Enhance Robust Vortals Campaign,2025-12-19,19,550.6,11467.92,36705.73,611.76,11623.44,98.7,Healthy,False
15,Enhance Robust Vortals Campaign,2025-12-20,20,584.37,12052.29,36705.73,611.76,12235.2,98.5,Healthy,False
15,Enhance Robust Vortals Campaign,2025-12-21,21,653.28,12705.57,36705.73,611.76,12846.96,98.9,Healthy,False
15,Enhance Robust Vortals Campaign,2025-12-22,22,641.24,13346.81,36705.73,611.76,13458.72,99.2,Healthy,False
15,Enhance Robust Vortals Campaign,2025-12-23,23,594.66,13941.47,36705.73,611.76,14070.48,99.1,Healthy,False
15,Enhance Robust Vortals Campaign,2025-12-24,24,588.92,14530.39,36705.73,611.76,14682.24,99.0,Healthy,False
15,Enhance Robust Vortals Campaign,2025-12-25,25,603.66,15134.05,36705.73,611.76,15294.0,99.0,Healthy,False
15,Enhance Robust Vortals Campaign,2025-12-26,26,668.54,15802.59,36705.73,611.76,15905.76,99.4,Healthy,False
15,Enhance Robust Vortals Campaign,2025-12-27,27,611.0,16413.59,36705.73,611.76,16517.52,99.4,Healthy,False
15,Enhance Robust Vortals Campaign,2025-12-28,28,636.7,17050.29,36705.73,611.76,17129.28,99.5,Healthy,False
15,Enhance Robust Vortals Campaign,2025-12-29,29,637.83,17688.12,36705.73,611.76,17741.04,99.7,Healthy,False
15,Enhance Robust Vortals Campaign,2025-12-30,30,643.7,18331.82,36705.73,611.76,18352.8,99.9,Healthy,False
15,Enhance Robust Vortals Campaign,2025-12-31,31,587.05,18918.87,36705.73,611.76,18964.56,99.8,Healthy,False
15,Enhance Robust Vortals Campaign,2026-01-01,32,629.4,19548.27,36705.73,611.76,19576.32,99.9,Healthy,False
15,Enhance Robust Vortals Campaign,2026-01-02,33,667.65,20215.92,36705.73,611.76,20188.08,100.1,Healthy,False
15,Enhance Robust Vortals Campaign,2026-01-03,34,606.58,20822.5,36705.73,611.76,20799.84,100.1,Healthy,False
15,Enhance Robust Vortals Campaign,2026-01-04,35,595.83,21418.33,36705.73,611.76,21411.6,100.0,Healthy,False
15,Enhance Robust Vortals Campaign,2026-01-05,36,601.54,22019.87,36705.73,611.76,22023.36,100.0,Healthy,False
15,Enhance Robust Vortals Campaign,2026-01-06,37,576.52,22596.39,36705.73,611.76,22635.12,99.8,Healthy,False
15,Enhance Robust Vortals Campaign,2026-01-07,38,658.27,23254.66,36705.73,611.76,23246.88,100.0,Healthy,False
15,Enhance Robust Vortals Campaign,2026-01-08,39,624.94,23879.6,36705.73,611.76,23858.64,100.1,Healthy,False
15,Enhance Robust Vortals Campaign,2026-01-09,40,630.31,24509.91,36705.73,611.76,24470.4,100.2,Healthy,False
15,Enhance Robust Vortals Campaign,2026-01-10,41,629.48,25139.39,36705.73,611.76,25082.16,100.2,Healthy,False
15,Enhance Robust Vortals Campaign,2026-01-11,42,574.96,25714.35,36705.73,611.76,25693.92,100.1,Healthy,False
15,Enhance Robust Vortals Campaign,2026-01-12,43,595.58,26309.93,36705.73,611.76,26305.68,100.0,Healthy,False
15,Enhance Robust Vortals Campaign,2026-01-13,44,613.7,26923.63,36705.73,611.76,26917.44,100.0,Healthy,False
15,Enhance Robust Vortals Campaign,2026-01-14,45,552.38,27476.01,36705.73,611.76,27529.2,99.8,Healthy,False
15,Enhance Robust Vortals Campaign,2026-01-15,46,552.95,28028.96,36705.73,611.76,28140.96,99.6,Healthy,False
15,Enhance Robust Vortals Campaign,2026-01-16,47,610.89,28639.85,36705.73,611.76,28752.72,99.6,Healthy,False
15,Enhance Robust Vortals Campaign,2026-01-17,48,623.4,29263.25,36705.73,611.76,29364.48,99.7,Healthy,False
15,Enhance Robust Vortals Campaign,2026-01-18,49,668.47,29931.72,36705.73,611.76,29976.24,99.9,Healthy,False
15,Enhance Robust Vortals Campaign,2026-01-19,50,588.74,30520.46,36705.73,611.76,30588.0,99.8,Healthy,False
15,Enhance Robust Vortals Campaign,2026-01-20,51,614.37,31134.83,36705.73,611.76,31199.76,99.8,Healthy,False
15,Enhance Robust Vortals Campaign,2026-01-21,52,552.66,31687.49,36705.73,611.76,31811.52,99.6,Healthy,False
15,Enhance Robust Vortals Campaign,2026-01-22,53,565.29,32252.78,36705.73,611.76,32423.28,99.5,Healthy,False
15,Enhance Robust Vortals Campaign,2026-01-23,54,586.47,32839.25,36705.73,611.76,33035.04,99.4,Healthy,False
15,Enhance Robust Vortals Campaign,2026-01-24,55,593.17,33432.42,36705.73,611.76,33646.8,99.4,Healthy,False
15,Enhance Robust Vortals Campaign,2026-01-25,56,587.27,34019.69,36705.73,611.76,34258.56,99.3,Healthy,False
15,Enhance Robust Vortals Campaign,2026-01-26,57,654.22,34673.91,36705.73,611.76,34870.32,99.4,Healthy,False
15,Enhance Robust Vortals Campaign,2026-01-27,58,646.41,35320.32,36705.73,611.76,35482.08,99.5,Healthy,False
15,Enhance Robust Vortals Campaign,2026-01-28,59,599.28,35919.6,36705.73,611.76,36093.84,99.5,Healthy,False
15,Enhance Robust Vortals Campaign,2026-01-29,60,578.51,36498.11,36705.73,611.76,36705.6,99.4,Healthy,False
16,Maximize Turn-Key E-Tailers Campaign,2025-12-01,1,604.49,604.49,39788.08,663.13,663.13,91.2,Healthy,False
16,Maximize Turn-Key E-Tailers Campaign,2025-12-02,2,700.95,1305.44,39788.08,663.13,1326.26,98.4,Healthy,False
16,Maximize Turn-Key E-Tailers Campaign,2025-12-03,3,724.51,2029.95,39788.08,663.13,1989.39,102.0,Healthy,False
16,Maximize Turn-Key E-Tailers Campaign,2025-12-04,4,626.71,2656.66,39788.08,663.13,2652.52,100.2,Healthy,False
16,Maximize Turn-Key E-Tailers Campaign,2025-12-05,5,679.37,3336.03,39788.08,663.13,3315.65,100.6,Healthy,False
16,Maximize Turn-Key E-Tailers Campaign,2025-12-06,6,616.31,3952.34,39788.08,663.13,3978.78,99.3,Healthy,False
16,Maximize Turn-Key E-Tailers Campaign,2025-12-07,7,648.3,4600.64,39788.08,663.13,4641.91,99.1,Healthy,False
16,Maximize Turn-Key E-Tailers Campaign,2025-12-08,8,642.6,5243.24,39788.08,663.13,5305.04,98.8,Healthy,False
16,Maximize Turn-Key E-Tailers Campaign,2025-12-09,9,659.15,5902.39,39788.08,663.13,5968.17,98.9,Healthy,False
16,Maximize Turn-Key E-Tailers Campaign,2025-12-10,10,605.07,6507.46,39788.08,663.13,6631.3,98.1,Healthy,False
16,Maximize Turn-Key E-Tailers Campaign,2025-12-11,11,680.49,7187.95,39788.08,663.13,7294.43,98.5,Healthy,False
16,Maximize Turn-Key E-Tailers Campaign,2025-12-12,12,723.86,7911.81,39788.08,663.13,7957.56,99.4,Healthy,False
16,Maximize Turn-Key E-Tailers Campaign,2025-12-13,13,663.21,8575.02,39788.08,663.13,8620.69,99.5,Healthy,False
16,Maximize Turn-Key E-Tailers Campaign,2025-12-14,14,633.25,9208.27,39788.08,663.13,9283.82,99.2,Healthy,False
16,Maximize Turn-Key E-Tailers Campaign,2025-12-15,15,669.31,9877.58,39788.08,663.13,9946.95,99.3,Healthy,False
16,Maximize Turn-Key E-Tailers Campaign,2025-12-16,16,618.8,10496.38,39788.08,663.13,10610.08,98.9,Healthy,False
16,Maximize Turn-Key E-Tailers Campaign,2025-12-17,17,603.45,11099.83,39788.08,663.13,11273.21,98.5,Healthy,False
16,Maximize Turn-Key E-Tailers Campaign,2025-12-18,18,702.01,11801.84,39788.08,663.13,11936.34,98.9,Healthy,False
16,Maximize Turn-Key E-Tailers Campaign,2025-12-19,19,724.22,12526.06,39788.08,663.13,12599.47,99.4,Healthy,False
16,Maximize Turn-Key E-Tailers Campaign,2025-12-20,20,728.76,13254.82,39788.08,663.13,13262.6,99.9,Healthy,False
16,Maximize Turn-Key E-Tailers Campaign,2025-12-21,21,672.35,13927.17,39788.08,663.13,13925.73,100.0,Healthy,False
16,Maximize Turn-Key E-Tailers Campaign,2025-12-22,22,675.54,14602.71,39788.08,663.13,14588.86,100.1,Healthy,False
16,Maximize Turn-Key E-Tailers Campaign,2025-12-23,23,726.95,15329.66,39788.08,663.13,15251.99,100.5,Healthy,False
16,Maximize Turn-Key E-Tailers Campaign,2025-12-24,24,717.23,16046.89,39788.08,663.13,15915.12,100.8,Healthy,False
16,Maximize Turn-Key E-Tailers Campaign,2025-12-25,25,665.98,16712.87,39788.08,663.13,16578.25,100.8,Healthy,False
16,Maximize Turn-Key E-Tailers Campaign,2025-12-26,26,618.26,17331.13,39788.08,663.13,17241.38,100.5,Healthy,False
16,Maximize Turn-Key E-Tailers Campaign,2025-12-27,27,629.62,17960.75,39788.08,663.13,17904.51,100.3,Healthy,False
16,Maximize Turn-Key E-Tailers Campaign,2025-12-28,28,618.4,18579.15,39788.08,663.13,18567.64,100.1,Healthy,False
16,Maximize Turn-Key E-Tailers Campaign,2025-12-29,29,662.98,19242.13,39788.08,663.13,19230.77,100.1,Healthy,False
16,Maximize Turn-Key E-Tailers Campaign,2025-12-30,30,644.17,19886.3,39788.08,663.13,19893.9,100.0,Healthy,False
16,Maximize Turn-Key E-Tailers Campaign,2025-12-31,31,680.95,20567.25,39788.08,663.13,20557.03,100.0,Healthy,False
16,Maximize Turn-Key E-Tailers Campaign,2026-01-01,32,709.29,21276.54,39788.08,663.13,21220.16,100.3,Healthy,False
16,Maximize Turn-Key E-Tailers Campaign,2026-01-02,33,653.67,21930.21,39788.08,663.13,21883.29,100.2,Healthy,False
16,Maximize Turn-Key E-Tailers Campaign,2026-01-03,34,684.67,22614.88,39788.08,663.13,22546.42,100.3,Healthy,False
16,Maximize Turn-Key E-Tailers Campaign,2026-01-04,35,649.58,23264.46,39788.08,663.13,23209.55,100.2,Healthy,False
16,Maximize Turn-Key E-Tailers Campaign,2026-01-05,36,602.77,23867.23,39788.08,663.13,23872.68,100.0,Healthy,False
16,Maximize Turn-Key E-Tailers Campaign,2026-01-06,37,648.87,24516.1,39788.08,663.13,24535.81,99.9,Healthy,False
16,Maximize Turn-Key E-Tailers Campaign,2026-01-07,38,722.93,25239.03,39788.08,663.13,25198.94,100.2,Healthy,False
16,Maximize Turn-Key E-Tailers Campaign,2026-01-08,39,701.27,25940.3,39788.08,663.13,25862.07,100.3,Healthy,False
16,Maximize Turn-Key E-Tailers Campaign,2026-01-09,40,644.37,26584.67,39788.08,663.13,26525.2,100.2,Healthy,False
16,Maximize Turn-Key E-Tailers Campaign,2026-01-10,41,622.23,27206.9,39788.08,663.13,27188.33,100.1,Healthy,False
16,Maximize Turn-Key E-Tailers Campaign,2026-01-11,42,663.92,27870.82,39788.08,663.13,27851.46,100.1,Healthy,False
16,Maximize Turn-Key E-Tailers Campaign,2026-01-12,43,601.59,28472.41,39788.08,663.13,28514.59,99.9,Healthy,False
16,Maximize Turn-Key E-Tailers Campaign,2026-01-13,44,634.28,29106.69,39788.08,663.13,29177.72,99.8,Healthy,False
16,Maximize Turn-Key E-Tailers Campaign,2026-01-14,45,654.72,29761.41,39788.08,663.13,29840.85,99.7,Healthy,False
16,Maximize Turn-Key E-Tailers Campaign,2026-01-15,46,697.45,30458.86,39788.08,663.13,30503.98,99.9,Healthy,False
16,Maximize Turn-Key E-Tailers Campaign,2026-01-16,47,715.4,31174.26,39788.08,663.13,31167.11,100.0,Healthy,False
16,Maximize Turn-Key E-Tailers Campaign,2026-01-17,48,652.45,31826.71,39788.08,663.13,31830.24,100.0,Healthy,False
16,Maximize Turn-Key E-Tailers Campaign,2026-01-18,49,662.8,32489.51,39788.08,663.13,32493.37,100.0,Healthy,False
16,Maximize Turn-Key E-Tailers Campaign,2026-01-19,50,621.5,33111.01,39788.08,663.13,33156.5,99.9,Healthy,False
16,Maximize Turn-Key E-Tailers Campaign,2026-01-20,51,624.28,33735.29,39788.08,663.13,33819.63,99.8,Healthy,False
16,Maximize Turn-Key E-Tailers Campaign,2026-01-21,52,721.59,34456.88,39788.08,663.13,34482.76,99.9,Healthy,False
16,Maximize Turn-Key E-Tailers Campaign,2026-01-22,53,704.36,35161.24,39788.08,663.13,35145.89,100.0,Healthy,False
16,Maximize Turn-Key E-Tailers Campaign,2026-01-23,54,688.81,35850.05,39788.08,663.13,35809.02,100.1,Healthy,False
16,Maximize Turn-Key E-Tailers Campaign,2026-01-24,55,616.92,36466.97,39788.08,663.13,36472.15,100.0,Healthy,False
16,Maximize Turn-Key E-Tailers Campaign,2026-01-25,56,634.28,37101.25,39788.08,663.13,37135.28,99.9,Healthy,False
16,Maximize Turn-Key E-Tailers Campaign,2026-01-26,57,613.78,37715.03,39788.08,663.13,37798.41,99.8,Healthy,False
16,Maximize Turn-Key E-Tailers Campaign,2026-01-27,58,652.06,38367.09,39788.08,663.13,38461.54,99.8,Healthy,False
16,Maximize Turn-Key E-Tailers Campaign,2026-01-28,59,725.87,39092.96,39788.08,663.13,39124.67,99.9,Healthy,False
16,Maximize Turn-Key E-Tailers Campaign,2026-01-29,60,637.13,39730.09,39788.08,663.13,39787.8,99.9,Healthy,False
17,Orchestrate Back-End Channels Campaign,2025-12-01,1,348.11,348.11,22105.68,368.43,368.43,94.5,Healthy,False
17,Orchestrate Back-End Channels Campaign,2025-12-02,2,394.1,742.21,22105.68,368.43,736.86,100.7,Healthy,False
17,Orchestrate Back-End Channels Campaign,2025-12-03,3,355.56,1097.77,22105.68,368.43,1105.29,99.3,Healthy,False
17,Orchestrate Back-End Channels Campaign,2025-12-04,4,344.97,1442.74,22105.68,368.43,1473.72,97.9,Healthy,False
17,Orchestrate Back-End Channels Campaign,2025-12-05,5,391.03,1833.77,22105.68,368.43,1842.15,99.5,Healthy,False
17,Orchestrate Back-End Channels Campaign,2025-12-06,6,360.56,2194.33,22105.68,368.43,2210.58,99.3,Healthy,False
17,Orchestrate Back-End Channels Campaign,2025-12-07,7,337.37,2531.7,22105.68,368.43,2579.01,98.2,Healthy,False
17,Orchestrate Back-End Channels Campaign,2025-12-08,8,343.92,2875.62,22105.68,368.43,2947.44,97.6,Healthy,False
17,Orchestrate Back-End Channels Campaign,2025-12-09,9,401.75,3277.37,22105.68,368.43,3315.87,98.8,Healthy,False
17,Orchestrate Back-End Channels Campaign,2025-12-10,10,375.91,3653.28,22105.68,368.43,3684.3,99.2,Healthy,False
17,Orchestrate Back-End Channels Campaign,2025-12-11,11,387.52,4040.8,22105.68,368.43,4052.73,99.7,Healthy,False
17,Orchestrate Back-End Channels Campaign,2025-12-12,12,369.09,4409.89,22105.68,368.43,4421.16,99.7,Healthy,False
17,Orchestrate Back-End Channels Campaign,2025-12-13,13,392.56,4802.45,22105.68,368.43,4789.59,100.3,Healthy,False
17,Orchestrate Back-End Channels Campaign,2025-12-14,14,365.61,5168.06,22105.68,368.43,5158.02,100.2,Healthy,False
17,Orchestrate Back-End Channels Campaign,2025-12-15,15,385.3,5553.36,22105.68,368.43,5526.45,100.5,Healthy,False
17,Orchestrate Back-End Channels Campaign,2025-12-16,16,391.06,5944.42,22105.68,368.43,5894.88,100.8,Healthy,False
17,Orchestrate Back-End Channels Campaign,2025-12-17,17,356.32,6300.74,22105.68,368.43,6263.31,100.6,Healthy,False
17,Orchestrate Back-End Channels Campaign,2025-12-18,18,383.25,6683.99,22105.68,368.43,6631.74,100.8,Healthy,False
17,Orchestrate Back-End Channels Campaign,2025-12-19,19,401.37,7085.36,22105.68,368.43,7000.17,101.2,Healthy,False
17,Orchestrate Back-End Channels Campaign,2025-12-20,20,343.6,7428.96,22105.68,368.43,7368.6,100.8,Healthy,False
17,Orchestrate Back-End Channels Campaign,2025-12-21,21,359.91,7788.87,22105.68,368.43,7737.03,100.7,Healthy,False
17,Orchestrate Back-End Channels Campaign,2025-12-22,22,332.43,8121.3,22105.68,368.43,8105.46,100.2,Healthy,False
17,Orchestrate Back-End Channels Campaign,2025-12-23,23,363.84,8485.14,22105.68,368.43,8473.89,100.1,Healthy,False
17,Orchestrate Back-End Channels Campaign,2025-12-24,24,391.8,8876.94,22105.68,368.43,8842.32,100.4,Healthy,False
17,Orchestrate Back-End Channels Campaign,2025-12-25,25,335.39,9212.33,22105.68,368.43,9210.75,100.0,Healthy,False
17,Orchestrate Back-End Channels Campaign,2025-12-26,26,395.15,9607.48,22105.68,368.43,9579.18,100.3,Healthy,False
17,Orchestrate Back-End Channels Campaign,2025-12-27,27,372.31,9979.79,22105.68,368.43,9947.61,100.3,Healthy,False
17,Orchestrate Back-End Channels Campaign,2025-12-28,28,395.35,10375.14,22105.68,368.43,10316.04,100.6,Healthy,False
17,Orchestrate Back-End Channels Campaign,2025-12-29,29,352.96,10728.1,22105.68,368.43,10684.47,100.4,Healthy,False
17,Orchestrate Back-End Channels Campaign,2025-12-30,30,390.29,11118.39,22105.68,368.43,11052.9,100.6,Healthy,False
17,Orchestrate Back-End Channels Campaign,2025-12-31,31,373.72,11492.11,22105.68,368.43,11421.33,100.6,Healthy,False
17,Orchestrate Back-End Channels Campaign,2026-01-01,32,332.48,11824.59,22105.68,368.43,11789.76,100.3,Healthy,False
17,Orchestrate Back-End Channels Campaign,2026-01-02,33,372.03,12196.62,22105.68,368.43,12158.19,100.3,Healthy,False
17,Orchestrate Back-End Channels Campaign,2026-01-03,34,357.6,12554.22,22105.68,368.43,12526.62,100.2,Healthy,False
17,Orchestrate Back-End Channels Campaign,2026-01-04,35,385.58,12939.8,22105.68,368.43,12895.05,100.3,Healthy,False
17,Orchestrate Back-End Channels Campaign,2026-01-05,36,389.34,13329.14,22105.68,368.43,13263.48,100.5,Healthy,False
17,Orchestrate Back-End Channels Campaign,2026-01-06,37,382.09,13711.23,22105.68,368.43,13631.91,100.6,Healthy,False
17,Orchestrate Back-End Channels Campaign,2026-01-07,38,359.14,14070.37,22105.68,368.43,14000.34,100.5,Healthy,False
17,Orchestrate Back-End Channels Campaign,2026-01-08,39,381.07,14451.44,22105.68,368.43,14368.77,100.6,Healthy,False
17,Orchestrate Back-End Channels Campaign,2026-01-09,40,362.41,14813.85,22105.68,368.43,14737.2,100.5,Healthy,False
17,Orchestrate Back-End Channels Campaign,2026-01-10,41,352.06,15165.91,22105.68,368.43,15105.63,100.4,Healthy,False
17,Orchestrate Back-End Channels Campaign,2026-01-11,42,403.83,15569.74,22105.68,368.43,15474.06,100.6,Healthy,False
17,Orchestrate Back-End Channels Campaign,2026-01-12,43,344.8,15914.54,22105.68,368.43,15842.49,100.5,Healthy,False
17,Orchestrate Back-End Channels Campaign,2026-01-13,44,361.33,16275.87,22105.68,368.43,16210.92,100.4,Healthy,False
17,Orchestrate Back-End Channels Campaign,2026-01-14,45,362.74,16638.61,22105.68,368.43,16579.35,100.4,Healthy,False
17,Orchestrate Back-End Channels Campaign,2026-01-15,46,351.06,16989.67,22105.68,368.43,16947.78,100.2,Healthy,False
17,Orchestrate Back-End Channels Campaign,2026-01-16,47,351.37,17341.04,22105.68,368.43,17316.21,100.1,Healthy,False
17,Orchestrate Back-End Channels Campaign,2026-01-17,48,402.95,17743.99,22105.68,368.43,17684.64,100.3,Healthy,False
17,Orchestrate Back-End Channels Campaign,2026-01-18,49,337.16,18081.15,22105.68,368.43,18053.07,100.2,Healthy,False
17,Orchestrate Back-End Channels Campaign,2026-01-19,50,338.37,18419.52,22105.68,368.43,18421.5,100.0,Healthy,False
17,Orchestrate Back-End Channels Campaign,2026-01-20,51,379.37,18798.89,22105.68,368.43,18789.93,100.0,Healthy,False
17,Orchestrate Back-End Channels Campaign,2026-01-21,52,402.7,19201.59,22105.68,368.43,19158.36,100.2,Healthy,False
17,Orchestrate Back-End Channels Campaign,2026-01-22,53,383.66,19585.25,22105.68,368.43,19526.79,100.3,Healthy,False
17,Orchestrate Back-End Channels Campaign,2026-01-23,54,351.56,19936.81,22105.68,368.43,19895.22,100.2,Healthy,False
17,Orchestrate Back-End Channels Campaign,2026-01-24,55,401.35,20338.16,22105.68,368.43,20263.65,100.4,Healthy,False
17,Orchestrate Back-End Channels Campaign,2026-01-25,56,401.2,20739.36,22105.68,368.43,20632.08,100.5,Healthy,False
17,Orchestrate Back-End Channels Campaign,2026-01-26,57,346.52,21085.88,22105.68,368.43,21000.51,100.4,Healthy,False
17,Orchestrate Back-End Channels Campaign,2026-01-27,58,381.7,21467.58,22105.68,368.43,21368.94,100.5,Healthy,False
17,Orchestrate Back-End Channels Campaign,2026-01-28,59,374.54,21842.12,22105.68,368.43,21737.37,100.5,Healthy,False
17,Orchestrate Back-End Channels Campaign,2026-01-29,60,402.15,22244.27,22105.68,368.43,22105.8,100.6,Healthy,False
18,Morph Cutting-Edge Applications Campaign,2025-12-01,1,224.91,224.91,12319.43,205.32,205.32,109.5,Healthy,False
18,Morph Cutting-Edge Applications Campaign,2025-12-02,2,202.59,427.5,12319.43,205.32,410.64,104.1,Healthy,False
18,Morph Cutting-Edge Applications Campaign,2025-12-03,3,222.34,649.84,12319.43,205.32,615.96,105.5,Healthy,False
18,Morph Cutting-Edge Applications Campaign,2025-12-04,4,202.63,852.47,12319.43,205.32,821.28,103.8,Healthy,False
18,Morph Cutting-Edge Applications Campaign,2025-12-05,5,208.99,1061.46,12319.43,205.32,1026.6,103.4,Healthy,False
18,Morph Cutting-Edge Applications Campaign,2025-12-06,6,194.73,1256.19,12319.43,205.32,1231.92,102.0,Healthy,False
18,Morph Cutting-Edge Applications Campaign,2025-12-07,7,192.97,1449.16,12319.43,205.32,1437.24,100.8,Healthy,False
18,Morph Cutting-Edge Applications Campaign,2025-12-08,8,185.35,1634.51,12319.43,205.32,1642.56,99.5,Healthy,False
18,Morph Cutting-Edge Applications Campaign,2025-12-09,9,195.91,1830.42,12319.43,205.32,1847.88,99.1,Healthy,False
18,Morph Cutting-Edge Applications Campaign,2025-12-10,10,203.63,2034.05,12319.43,205.32,2053.2,99.1,Healthy,False
18,Morph Cutting-Edge Applications Campaign,2025-12-11,11,212.42,2246.47,12319.43,205.32,2258.52,99.5,Healthy,False
18,Morph Cutting-Edge Applications Campaign,2025-12-12,12,219.22,2465.69,12319.43,205.32,2463.84,100.1,Healthy,False
18,Morph Cutting-Edge Applications Campaign,2025-12-13,13,223.09,2688.7799999999997,12319.43,205.32,2669.16,100.7,Healthy,False
18,Morph Cutting-Edge Applications Campaign,2025-12-14,14,210.12,2898.9,12319.43,205.32,2874.48,100.8,Healthy,False
18,Morph Cutting-Edge Applications Campaign,2025-12-15,15,206.2,3105.1,12319.43,205.32,3079.8,100.8,Healthy,False
18,Morph Cutting-Edge Applications Campaign,2025-12-16,16,222.6,3327.7,12319.43,205.32,3285.12,101.3,Healthy,False
18,Morph Cutting-Edge Applications Campaign,2025-12-17,17,195.83,3523.5299999999997,12319.43,205.32,3490.44,100.9,Healthy,False
18,Morph Cutting-Edge Applications Campaign,2025-12-18,18,212.16,3735.69,12319.43,205.32,3695.76,101.1,Healthy,False
18,Morph Cutting-Edge Applications Campaign,2025-12-19,19,210.67,3946.36,12319.43,205.32,3901.08,101.2,Healthy,False
18,Morph Cutting-Edge Applications Campaign,2025-12-20,20,202.35,4148.71,12319.43,205.32,4106.4,101.0,Healthy,False
18,Morph Cutting-Edge Applications Campaign,2025-12-21,21,223.24,4371.95,12319.43,205.32,4311.72,101.4,Healthy,False
18,Morph Cutting-Edge Applications Campaign,2025-12-22,22,196.79,4568.74,12319.43,205.32,4517.04,101.1,Healthy,False
18,Morph Cutting-Edge Applications Campaign,2025-12-23,23,197.15,4765.89,12319.43,205.32,4722.36,100.9,Healthy,False
18,Morph Cutting-Edge Applications Campaign,2025-12-24,24,204.95,4970.84,12319.43,205.32,4927.68,100.9,Healthy,False
18,Morph Cutting-Edge Applications Campaign,2025-12-25,25,216.18,5187.0199999999995,12319.43,205.32,5133.0,101.1,Healthy,False
18,Morph Cutting-Edge Applications Campaign,2025-12-26,26,195.47,5382.49,12319.43,205.32,5338.32,100.8,Healthy,False
18,Morph Cutting-Edge Applications Campaign,2025-12-27,27,187.68,5570.17,12319.43,205.32,5543.64,100.5,Healthy,False
18,Morph Cutting-Edge Applications Campaign,2025-12-28,28,220.99,5791.16,12319.43,205.32,5748.96,100.7,Healthy,False
18,Morph Cutting-Edge Applications Campaign,2025-12-29,29,189.32,5980.48,12319.43,205.32,5954.28,100.4,Healthy,False
18,Morph Cutting-Edge Applications Campaign,2025-12-30,30,195.05,6175.53,12319.43,205.32,6159.6,100.3,Healthy,False
18,Morph Cutting-Edge Applications Campaign,2025-12-31,31,199.44,6374.97,12319.43,205.32,6364.92,100.2,Healthy,False
18,Morph Cutting-Edge Applications Campaign,2026-01-01,32,217.2,6592.17,12319.43,205.32,6570.24,100.3,Healthy,False
18,Morph Cutting-Edge Applications Campaign,2026-01-02,33,223.91,6816.08,12319.43,205.32,6775.56,100.6,Healthy,False
18,Morph Cutting-Edge Applications Campaign,2026-01-03,34,205.55,7021.63,12319.43,205.32,6980.88,100.6,Healthy,False
18,Morph Cutting-Edge Applications Campaign,2026-01-04,35,189.0,7210.63,12319.43,205.32,7186.2,100.3,Healthy,False
18,Morph Cutting-Edge Applications Campaign,2026-01-05,36,205.45,7416.08,12319.43,205.32,7391.52,100.3,Healthy,False
18,Morph Cutting-Edge Applications Campaign,2026-01-06,37,212.59,7628.67,12319.43,205.32,7596.84,100.4,Healthy,False
18,Morph Cutting-Edge Applications Campaign,2026-01-07,38,215.52,7844.19,12319.43,205.32,7802.16,100.5,Healthy,False
18,Morph Cutting-Edge Applications Campaign,2026-01-08,39,191.37,8035.56,12319.43,205.32,8007.48,100.4,Healthy,False
18,Morph Cutting-Edge Applications Campaign,2026-01-09,40,213.28,8248.84,12319.43,205.32,8212.8,100.4,Healthy,False
18,Morph Cutting-Edge Applications Campaign,2026-01-10,41,191.58,8440.42,12319.43,205.32,8418.12,100.3,Healthy,False
18,Morph Cutting-Edge Applications Campaign,2026-01-11,42,214.86,8655.28,12319.43,205.32,8623.44,100.4,Healthy,False
18,Morph Cutting-Edge Applications Campaign,2026-01-12,43,188.22,8843.5,12319.43,205.32,8828.76,100.2,Healthy,False
18,Morph Cutting-Edge Applications Campaign,2026-01-13,44,221.37,9064.87,12319.43,205.32,9034.08,100.3,Healthy,False
18,Morph Cutting-Edge Applications Campaign,2026-01-14,45,189.11,9253.98,12319.43,205.32,9239.4,100.2,Healthy,False
18,Morph Cutting-Edge Applications Campaign,2026-01-15,46,209.74,9463.72,12319.43,205.32,9444.72,100.2,Healthy,False
18,Morph Cutting-Edge Applications Campaign,2026-01-16,47,200.85,9664.57,12319.43,205.32,9650.04,100.2,Healthy,False
18,Morph Cutting-Edge Applications Campaign,2026-01-17,48,224.2,9888.77,12319.43,205.32,9855.36,100.3,Healthy,False
18,Morph Cutting-Edge Applications Campaign,2026-01-18,49,201.86,10090.63,12319.43,205.32,10060.68,100.3,Healthy,False
18,Morph Cutting-Edge Applications Campaign,2026-01-19,50,213.39,10304.02,12319.43,205.32,10266.0,100.4,Healthy,False
18,Morph Cutting-Edge Applications Campaign,2026-01-20,51,205.32,10509.34,12319.43,205.32,10471.32,100.4,Healthy,False
18,Morph Cutting-Edge Applications Campaign,2026-01-21,52,210.72,10720.06,12319.43,205.32,10676.64,100.4,Healthy,False
18,Morph Cutting-Edge Applications Campaign,2026-01-22,53,209.66,10929.72,12319.43,205.32,10881.96,100.4,Healthy,False
18,Morph Cutting-Edge Applications Campaign,2026-01-23,54,190.65,11120.37,12319.43,205.32,11087.28,100.3,Healthy,False
18,Morph Cutting-Edge Applications Campaign,2026-01-24,55,200.88,11321.25,12319.43,205.32,11292.6,100.3,Healthy,False
18,Morph Cutting-Edge Applications Campaign,2026-01-25,56,205.64,11526.89,12319.43,205.32,11497.92,100.3,Healthy,False
18,Morph Cutting-Edge Applications Campaign,2026-01-26,57,217.34,11744.23,12319.43,205.32,11703.24,100.4,Healthy,False
18,Morph Cutting-Edge Applications Campaign,2026-01-27,58,207.81,11952.04,12319.43,205.32,11908.56,100.4,Healthy,False
18,Morph Cutting-Edge Applications Campaign,2026-01-28,59,195.19,12147.23,12319.43,205.32,12113.88,100.3,Healthy,False
18,Morph Cutting-Edge Applications Campaign,2026-01-29,60,206.78,12354.01,12319.43,205.32,12319.2,100.3,Healthy,False
